,Day,[Arbok] Wait Hours: Per Job,[Ninetales] Wait Hours: Per Job,[Pidgey] Wait Hours: Per Job,[Zubat] Wait Hours: Per Job,[Oddish] Wait Hours: Per Job,[Spearow] Wait Hours: Per Job,[Wartortle] Wait Hours: Per Job,[Dugtrio] Wait Hours: Per Job,[Weedle] Wait Hours: Per Job,[Caterpie] Wait Hours: Per Job,[Nidorina] Wait Hours: Per Job,[Golduck] Wait Hours: Per Job,[Paras] Wait Hours: Per Job,[Pidgeotto] Wait Hours: Per Job,[Wigglytuff] Wait Hours: Per Job,[Vileplume] Wait Hours: Per Job,[Nidoking] Wait Hours: Per Job,[Diglett] Wait Hours: Per Job,[Clefable] Wait Hours: Per Job,[Persian] Wait Hours: Per Job,[Meowth] Wait Hours: Per Job,[Jigglypuff] Wait Hours: Per Job,[Golbat] Wait Hours: Per Job,[Sandshrew] Wait Hours: Per Job,[Mankey] Wait Hours: Per Job,[Pikachu] Wait Hours: Per Job,[Kakuna] Wait Hours: Per Job,[Venonat] Wait Hours: Per Job,[Sandslash] Wait Hours: Per Job,[Vulpix] Wait Hours: Per Job,[Primeape] Wait Hours: Per Job,[Ekans] Wait Hours: Per Job,[Rattata] Wait Hours: Per Job,[Squirtle] Wait Hours: Per Job,[Bulbasaur] Wait Hours: Per Job,[Charmeleon] Wait Hours: Per Job,[Butterfree] Wait Hours: Per Job,[Ivysaur] Wait Hours: Per Job,[Venusaur] Wait Hours: Per Job,[Raichu] Wait Hours: Per Job,[Blastoise] Wait Hours: Per Job,[Charmander] Wait Hours: Per Job,[Gloom] Wait Hours: Per Job,[Parasect] Wait Hours: Per Job,[Beedrill] Wait Hours: Per Job,[Metapod] Wait Hours: Per Job,[Nidorino] Wait Hours: Per Job,[Fearow] Wait Hours: Per Job,[Clefairy] Wait Hours: Per Job,[Nidoqueen] Wait Hours: Per Job,[Raticate] Wait Hours: Per Job,[Pidgeot] Wait Hours: Per Job,[Charizard] Wait Hours: Per Job,[Venomoth] Wait Hours: Per Job,[Psyduck] Wait Hours: Per Job
0,1.4984352e+18,0.0,0.025616295812613675,0.018728972947500533,3.75e-05,9.708190240040878,0.0,0.02373187567871855,0.0,0.0,0.03389041773054753,0.0,0.06026612092351562,0.08365679915616676,3.063370586254474,2.0621375,0.132729375,0.009602661961038409,0.0,0.0,0.06094107463230437,0.0,0.004567731801037003,3.75e-05,0.0,0.0,0.029314029058996757,0.0,0.0,0.0,0.0,0.021595883212183243,0.07622153289162217,0.052866098010711966,0.0,0.008629554488845738,0.0,0.10013982139364798,0.0,0.020640017651524616,0.0,0.0,0.033710915286642607,0.0015087375441676693,0.002047507210567608,0.0,0.0,0.021339576978101068,0.06018231253831026,0.030042507291840798,0.03091253300286692,0.0,0.0,0.013442992310014256,0.03906754025034074,0.0
1,1.4985216e+18,0.022914702058897528,0.024477728334523163,0.0,0.0,0.03270568125,0.008855949101271016,0.0,0.0,1.1841375,0.034321950885392714,0.046929917470033666,0.7148376337336124,0.023911582353164307,1.6962458733150954,0.01775132076718519,0.0,0.0,0.0,0.024000735,0.0,0.0,0.01988302872224903,0.6072825356615923,0.30630390625,0.0,0.08560315236715534,0.0,0.0,0.10803559488951496,0.0,0.0265979536771539,0.7768475,0.07264518766144304,0.0,0.0,0.022128088724114783,0.014259336731557113,0.0,0.018563850342972192,0.012874477503630053,0.0,0.05426751299287016,0.0604344768371026,0.0,0.05168066785933848,0.0,8.196292267920383e-05,0.0,0.0028368076832233653,0.012459150470163669,0.13689529113855708,0.0,0.03652109748344616,0.0,0.0
2,1.498608e+18,0.020502124658675173,0.0,0.008291370933123647,13.507337313178414,0.0055853930512935815,0.0,0.0,0.024915675986064013,0.0,0.0,0.0,1.4905245929598208,0.013740925615624035,0.031782072109374435,0.017444468874244373,0.0395195487291483,0.0510374381351021,0.0,0.013647022430071971,0.03644003073963585,0.009708418158157652,0.0,0.0,0.0,0.025636783318351095,0.026620667483646627,0.02035429597282608,0.0021773118867180062,0.0205543312963169,0.003559876002026273,0.02127367502517663,0.0,0.008148719974142472,0.0,0.0,0.0,0.008851165335903346,0.0,0.0,0.0,0.0,0.0,0.0,0.0653869934697435,0.0,0.0,0.009465700332518397,0.0,0.0,0.0,0.07185002511206792,0.0,0.0,0.0,0.022392660637689618
3,1.4986944e+18,6.744922553139511,7.20293069962299,0.07229728815268127,0.014518113209771817,0.002963100386448132,0.0,0.0,0.004758191492347811,0.0,0.0,0.0,0.0005859375,0.03359472785406309,0.00051875,0.0,0.0,0.055434232557715166,0.0,0.016718368227774547,0.06503623173383404,0.0,0.01855730106715667,0.018455212884321705,0.001800635,0.0018733005339090464,0.0328178549564801,0.0,0.05217226175974249,0.00996894910038154,0.0,0.03269277860245433,0.0,0.057422090957291214,0.0,0.0,0.03094445939586506,0.0,0.039714507707673305,0.0,0.0,0.00783498988626079,0.0,0.0,0.0,0.007435767829955353,0.0,0.0,0.0,0.015091853900093018,0.0,0.0,0.0,0.0,0.0,0.0
4,1.4987808e+18,0.0,0.0,0.0,0.00451171,2.368375e-05,0.0,0.00451171,0.0,0.00453450375,0.00451171,0.00451171,2.083375e-05,0.00453171,1.681e-05,0.00058026375,0.0,0.00451171,0.0,0.00451171,2.5e-05,0.0,0.00517421,0.00451171,0.00048611125,0.00451171,0.0,0.0,0.00451171,0.00451171,0.00451171,0.0,0.0045212937500000005,0.00451171,0.00451171,0.0,0.0,0.0,0.0,0.00451171,0.0,0.0,0.0,0.0,0.0,0.00451171,0.0,0.00451171,0.00451171,0.0,0.0,0.0,0.0,0.0,0.00451171,0.00451171
5,1.4988672e+18,0.0781019762686532,0.0,0.0,12.793847663089705,1.25e-05,0.0,0.0,0.0,3.75e-05,0.0017116494613834499,0.0,0.00011354125,0.0,0.060116174726455994,0.00053333375,0.032462355069295304,0.0,0.0,1.875e-05,9.632375e-05,0.10710925456450639,0.00683693101089812,0.0004875,0.0363151458071043,0.038464785112913305,0.0,0.05902389331053653,0.001636798364149058,0.0,0.0,0.03188998752315043,0.008756343469009201,0.0,0.0,0.0,0.025712256452063546,0.0,0.0,0.0,0.006182087085319816,0.0,0.009753453696230187,0.0,0.01809259940808823,0.038544737766861084,0.0,0.027244942185380695,0.04446343474346807,0.05273109628872968,0.004690447966791269,0.0,0.0,0.0,0.011212787099562914,0.017289269003624378
6,1.4989536e+18,0.01018119344968644,0.05253318265594217,0.0,2.543475,0.03187134269656649,0.0,0.0,0.029555107744627163,0.0,0.007231030192193261,0.0,0.03787227760729827,0.0,0.0,0.0,0.010774015209261635,0.014358512700378103,0.0,0.04233756488416671,0.010925,0.09344895981605093,0.0,1.6835375,0.00943805533028318,0.037825,0.0,0.0,0.0,0.0,0.006844656363620886,0.0,0.04970350078645798,0.0,0.0,0.021999711933812578,0.0,0.03342674210224868,0.0,0.011335984471909677,0.08154953889981897,0.045946012775963684,0.0,0.0,0.0023499583502152406,0.0,0.07087905816378649,0.0,0.0059367316663445245,0.0,0.0,0.0,0.032352906906189645,0.014337645785436002,0.07754721690428423,0.0
7,1.49904e+18,0.0,2.65625e-05,0.029182113105415602,0.72505,0.0111375,0.0,0.0,0.0709291716029843,0.06582385135811947,0.0,0.05713346430278663,0.013477382779278516,0.020700340540213587,0.011404538398086247,0.0,0.0,0.0,0.016849807231032007,0.0,0.02840856358351583,0.0,0.0,0.00448957650995918,0.056129915531858796,0.0,0.04697189942603127,0.04208018453731595,0.0,0.0,0.02197666799002189,0.08699082016198377,0.0,0.0,0.049908267577910594,0.0,0.002441699991566317,0.03857174311065066,0.0,0.0,0.0,0.0,0.0004049072087391257,0.0,0.0,0.0,0.0,0.0,0.038132994849674494,0.0,0.0,0.0,0.013052814122125823,0.019347036395994503,0.0271750250980902,0.03212801552199502
8,1.4991264e+18,3.75e-05,0.41338562538054174,0.0,1.875e-05,0.0078049806495330875,0.05894140221273343,0.011362940494178117,0.0036068053341744106,0.03465196438774104,0.039844444460815066,0.0,0.022080752049105663,0.0,0.0002326925,0.012292921820887296,0.0,0.03198186342242761,0.0,0.03910703705665147,1.875e-05,0.0,0.019842110904466116,0.0,0.03927840438018508,0.0,0.03451482331927026,0.03226685226799809,0.0051889468485069945,0.0,0.10573140859488196,0.029978455686139546,0.025853596343993514,0.0,0.07410047344839044,0.015236491747170698,0.0,0.0,0.0,0.07008052713425383,0.0,0.0,0.035737618859542866,0.0,0.0,0.0039000305087844122,0.0,0.01761521960780729,0.0,0.0,0.11231074326570102,0.0,0.002245250603616163,0.0,0.0,0.0
9,1.4992128e+18,0.0,0.019817216974824692,0.06427946519789612,0.62916875,0.0,0.0,0.016866689987190948,0.024657417335086047,0.026743117866575742,0.057253760049583095,0.0,1.923125e-05,0.0,3.169625e-05,0.05207991504219142,0.0964749538310521,0.0,0.007213792860834026,0.0454760172764186,0.0,0.023468109887393993,0.03970213849959389,0.0,0.0,0.0,0.0,0.0,0.06004308207083131,0.0,0.0,0.0,0.03248268466316754,0.03155241304376817,0.03756049502505613,0.05667129116655312,0.0,0.01809207428656036,0.0,0.0,0.09637754427197258,0.0,0.007022852691405219,0.06152315879760838,0.008662959521631448,0.0,0.0,0.0,0.01657446554350242,0.07182976534082217,0.0,0.0,0.020478709767106692,0.022252949032379638,0.0,0.0
10,1.4992992e+18,0.037692226118505416,0.0,0.0,0.3972231114965128,0.0,0.0,0.037461492253610125,0.009032543545202202,1.4999999999999999e-05,0.02286742432413529,0.0,0.8491375,0.0,0.06487700504289191,0.0,0.03521614941214331,0.0,0.04038649677494874,0.02572002921705536,0.0037634159064865525,0.05099257381367402,0.05742724601232345,0.11240752166998867,0.0,0.0,0.0,0.0,0.0,0.007858997688801612,0.06525256713496329,0.010093508913760981,0.016501769578076694,0.0,0.017058213838564765,0.0296015154342384,0.0,0.02016380019829522,0.04325238453870251,0.0,0.05532408150572529,0.011395805856957146,0.0,0.0011518715917123354,0.025745548507787843,0.011463436026724406,0.0,0.03161256204506048,0.044342795983709334,0.07164889338019706,0.026586482875907466,0.0,0.0,0.005975780997910459,0.023041425185726282,0.018599178756363768
11,1.4993856e+18,0.0,3.75e-05,0.0,0.2831625,0.2198625,0.05834356459889446,0.0,0.0,0.1838966509967777,0.017963772339549974,0.0,0.03947866875585414,0.0,0.44273276807862944,0.0,0.02455152364235513,0.016777792171223455,0.0,1.25e-05,0.013173707778748182,0.11730796585013104,0.02287692933563301,0.010217017172359231,0.0,0.04182086486206665,0.0,0.0,0.0,0.0,0.03669708138868466,0.039789278819051234,0.028674231287061536,0.0,0.0,0.019713851248403004,0.0,0.0112430454956509,0.031268072876497806,0.026171519597211486,0.0,0.0038552331300835798,0.07501768708364648,0.0,0.0,0.0,0.0,0.0,0.0,0.0,0.05901039766217409,0.0,0.04336629162917386,0.036946515741179665,0.05105044141515257,0.0
12,1.499472e+18,0.0,0.005886761104124708,0.0,0.0,2.216071049669488,0.0,1.209521875,0.051278239042268664,1.4883889563812625,0.006333772657997889,0.0,0.0,0.0,0.28268392875,0.0,0.0,0.0030209694795484627,0.033908215996426426,0.0,0.02281959098043002,0.0,0.06115713823048554,0.0504131791113756,0.046367424406064776,0.0,0.010029423209230805,0.003621161653200905,0.0,0.03839904261429711,0.0,0.0,0.004255911952637666,0.0,0.11476823289628961,0.0026266300139807935,0.0327310896651294,0.02081951304013896,0.0,0.0,0.0,0.0,0.0064726122793617525,0.0,0.018043050726989158,0.0,0.0,0.0,0.0,0.010929245214790627,0.0,0.0,0.015830288716373892,0.0,0.0,0.04826351784714622
13,1.4995584e+18,0.0,0.06394488597892085,0.001236593867551071,6.1382625,1.89404375,0.013499394984876616,7.5e-05,0.0,0.0,0.0,0.008375276063700416,1.875e-05,0.1070097652755569,0.64549727625,0.0,0.0,0.008519554820653655,0.020820749622507077,0.0055924103312729265,0.027536508855719205,0.014094551451582244,0.014490105765713295,0.028780229693117998,0.03767110656281517,0.0,0.00040038943450057323,0.053137524538792356,0.0,0.011079321539980355,0.0,0.015690456850923046,0.0,0.0,0.01592652407320109,0.0,0.030196744753635235,0.004839204769098417,0.04153318928101307,0.05143097844352317,0.07239784315431609,0.03574069542339616,0.006826374509267833,0.0,0.0,0.01130228981754472,0.056547695028238705,0.0003654797789383852,0.0,0.03750292258555718,0.0072160116173510536,0.0,0.0,0.0,0.0,0.02454966031530333
14,1.4996448e+18,0.059905333554651705,0.045918518111356325,0.0,6.778059184562931,0.0,0.027618865959094355,0.01963433084576695,0.0,1.875e-05,0.0,0.0,0.0,0.03899543142977036,0.0,0.0,0.018350493259954383,0.03672489269228451,0.034242980156505495,0.0,0.0486607788746021,0.0,0.07859533269352004,5.448673442628057,0.026413299624522407,0.0,0.0381225546822341,0.0,0.02270770569548982,0.03887982570735976,0.0853530291908568,0.0,0.0,0.00791736242982644,0.0,0.0,0.0,0.023744905182003943,0.014699218650863691,0.0,0.035631094916666516,0.0,0.030832272013263343,0.06938449835675058,0.010696501676117461,0.0,0.0,0.02182994576202218,0.0,0.0,0.0,0.01819722937958974,0.0463910941936927,0.012991654790923178,0.05992948029558172,0.04825046884267306
15,1.4997312e+18,0.0,4.506375e-05,4.506375e-05,4.506375e-05,0.0,0.0,0.0,0.0,8.006375e-05,0.0,0.0,1.666625e-05,0.0,9.01275e-05,6.400375e-05,0.0,4.506375e-05,0.0,0.0,4.506375e-05,0.0,4.506375e-05,4.506375e-05,0.0,4.506375e-05,0.0,0.0,0.0,4.506375e-05,0.0,0.0,0.0,0.0,4.506375e-05,4.506375e-05,4.506375e-05,0.0,4.506375e-05,0.0,4.506375e-05,4.506375e-05,4.506375e-05,0.0,0.0,4.506375e-05,4.506375e-05,4.506375e-05,0.0,0.0,0.0,0.0,0.0,0.0,4.506375e-05,0.0
16,1.4998176e+18,0.0,0.0,2.442375e-05,0.0,1.75e-05,2.442375e-05,0.0,0.0,0.0,0.0,2.442375e-05,4.786125e-05,2.442375e-05,4.88475e-05,4.03325e-05,2.442375e-05,0.0,2.442375e-05,2.442375e-05,0.0,2.442375e-05,2.442375e-05,0.0,0.0,2.442375e-05,2.442375e-05,0.0,0.0,2.442375e-05,0.0,0.0,2.442375e-05,2.442375e-05,2.442375e-05,0.0,2.442375e-05,0.0,2.442375e-05,0.0,2.442375e-05,0.0,0.0,2.442375e-05,2.442375e-05,2.442375e-05,0.0,2.442375e-05,0.0,2.442375e-05,0.0,0.0,2.442375e-05,2.442375e-05,0.0,0.0
17,1.499904e+18,0.0,3.75e-05,0.0,0.0,3.75e-05,0.0,0.0,0.0,0.0,3.75e-05,0.0,7.5e-05,3.75e-05,0.0,2.008875e-05,3.75e-05,0.0,0.0,0.0,3.75e-05,3.75e-05,0.0,0.0,3.75e-05,3.75e-05,0.0,0.0,0.0,3.75e-05,0.0,0.0,3.75e-05,0.0,0.0,0.0,0.0,3.75e-05,3.75e-05,0.0,3.75e-05,3.75e-05,3.75e-05,0.0,0.0,0.0,3.75e-05,0.0,0.0,0.0,0.0,3.75e-05,3.75e-05,0.0,0.0,3.75e-05
18,1.4999904e+18,0.18388703999836015,0.6202375,0.09047446642299016,0.1153174905449122,0.0005737716144437647,0.0,0.0190525,0.0,3.333375e-05,0.0,0.0,0.14395824316317932,0.021068892468023216,0.005837860302214139,0.029246740288308978,0.013045886112397377,0.0,0.02257846831251387,0.0,0.0,0.0,0.0,0.02243332007653903,0.0743175986441121,0.0,0.0,0.0,0.0,0.018067517630180684,0.05859117724499202,0.0,0.03893314281924398,0.0,0.0,0.01479773703066529,0.03140273392345866,0.03950924544273424,0.03654989936624872,0.0,0.000847880346416147,0.0,0.031605559979507106,0.007626191173825076,0.07519226906943371,0.0,0.019444466579133207,0.0,0.0014192938273654332,0.0,0.055089121792050805,0.02929348866307283,0.04823525354253822,0.0,0.0,0.0
19,1.5000768e+18,1.437275,0.0,0.0,0.0639101245011994,0.19192947528756446,0.0,0.013940558949284611,0.0,0.15725833375,0.0010979953840552072,0.029267477580310994,0.00114882875,0.0,0.0034418296369228187,0.08451693761162753,0.0,0.01332677124947261,0.0,0.007179655121612553,0.046523360900131816,0.0,0.0,0.0,3.72725e-05,0.0,0.0494209326798567,0.004549784957087466,0.0,0.012022041071162795,0.03296260197252502,0.010584616999453232,0.0,0.0,0.0,0.007349986923459454,0.0,0.07586472881333145,0.0,0.004971605118531719,0.0,0.061966221049909224,0.0,0.022538746274322136,0.0,0.0,0.002139379513898749,0.0,0.0,0.0,0.0,0.016957731566864562,0.0014399744554978644,0.005656517324069925,0.008675929383172565,0.0
20,1.5001632e+18,4.39493125,0.012961407721038716,0.0,0.7733233806630895,0.24499766392549588,0.0,0.08213248280277079,0.0,0.09307916625,0.0,0.0030541648015382735,0.0,0.0,0.018789435213453838,0.0,0.0,0.011841965149576972,0.0,0.007987895665503378,0.039605,0.0,0.0805075745814063,8.33375e-06,0.01367884442318988,0.025878177365842556,0.011373605172392833,0.022154558042800497,0.04768582121426939,0.06795328288995657,0.0,0.0,0.03429075866735272,0.0,0.0,0.039570592458135385,0.00662965808847611,0.0012577643921759698,0.0,0.0,0.020085449058058327,0.07531043544862777,0.0,0.023485634936545884,0.0,0.0,0.0,0.0,0.09371146713109299,0.030546221941422706,0.0,0.0,0.0,0.0,0.047156925373492066,0.028680666061020262
21,1.5002496e+18,5.06792504371981,0.0,0.0,0.6309221189431614,0.3781075,0.0,0.0,0.0328917606632686,0.06462224087448835,0.008999110931873998,0.0,6.9628125,0.0,0.00059270875,0.05858591614356991,0.0,0.0016689534268021446,0.05599798029740777,0.0,0.013544170778624747,0.0,0.0,1.98295,0.0,0.0,0.0,0.06460689348145275,0.0,0.0,0.0,0.04202192492674553,0.011596375158786752,0.0,0.0,0.002902907980711243,0.04437957212563701,0.0,0.0,0.04016945283041084,0.03744787436577197,0.0,0.0,0.0,0.0,0.08085817116378383,0.0,0.0,0.0,0.0,0.0,0.017267516689090556,0.0,0.0,0.0,0.02169198553536826
22,1.500336e+18,0.2535428575,0.011474972072020688,0.0014355865088349002,0.018017300729709237,0.01066739125,0.0,0.0,0.0,0.10297955257414305,0.04026973469460631,0.056012042900843814,0.025337803434959394,0.0,0.033401664201870594,0.0,0.0,0.0,0.0,0.053736241582337085,0.0,0.006739030342477945,0.027679411746564093,1.648125e-05,0.06065867720079939,0.03770476522455626,0.0,0.02949409440589874,0.05871746983444747,0.04275815674508336,0.0,0.08833504014728125,0.05713886427597755,0.0,0.0,0.0013793876181844094,0.07590885000267465,0.0,0.0,0.012899203900885317,0.0,0.0,0.0,0.050945599362702806,0.0,0.063236340036219,0.0,0.005545853138198411,0.0,0.030789128402485585,0.02844222134128763,0.0,0.030310807889376925,0.0,0.006339994449690799,0.06226514357399692
23,1.5004224e+18,3.485625e-05,3.485625e-05,0.0,3.485625e-05,3.485625e-05,0.0,0.0,3.485625e-05,3.485625e-05,0.0,3.485625e-05,3.485625e-05,3.485625e-05,0.0,3.485625e-05,0.0,3.485625e-05,3.485625e-05,3.485625e-05,0.0,3.485625e-05,3.485625e-05,3.485625e-05,0.0,3.485625e-05,3.485625e-05,3.485625e-05,3.485625e-05,3.485625e-05,3.485625e-05,0.0,0.0,3.485625e-05,3.485625e-05,0.0,0.0,3.485625e-05,0.0,0.0,3.485625e-05,0.0,3.485625e-05,0.0,3.485625e-05,3.485625e-05,0.0,0.0,0.0,3.485625e-05,0.0,3.485625e-05,0.0,3.485625e-05,3.485625e-05,0.0
24,1.5005088e+18,0.0004227670018438469,0.0,0.026804195665282738,1.4752027035374033,1.06398333375,0.0,0.19541607125,0.0,0.285846875,0.0,0.04799975355842952,0.0,0.017328351597807885,0.0,0.03763275974244033,0.01725742515230257,0.04328212478298238,0.004889679316818073,0.019034167450414557,0.0,0.0,0.010517754798816635,0.05769259413644027,0.0,0.0,0.0,0.0,0.0005882896327787214,0.010486131661538592,0.0,0.0,0.0018158423988586254,0.0,0.0,0.0,0.0,0.006345197585977246,0.055570032879566494,0.011362541577390596,0.03937743659494017,0.0,0.035516345652899815,0.002356660600358257,0.0,0.010193580641330635,0.02159166418743631,0.0,0.0,0.05409672025134478,0.020480300161659838,0.0,0.005805360164692869,0.07110652415294039,0.0,0.0
25,1.5005952e+18,0.027522237236589406,0.03466822299738922,0.0155145683118685,0.04478125,0.09258762,0.014759387371910165,0.02303611125,0.01305416625,3.75e-05,0.0,0.0,2.361125e-05,0.011971495170204072,0.0056402474040963746,0.04629381,0.007191813807853457,0.0,0.04629381,2.5e-05,0.030934335299635202,0.0,0.0,0.00232719125,0.0,0.04629381,0.0,0.0189877932681526,0.006168341812326064,0.034509381228093716,0.030734534619703973,0.04629381,0.054008368796331474,0.04629381,0.012711714777975676,0.0,0.012002709040649758,0.002171354819136871,0.016379772455883745,0.005245942545000987,0.0,0.0,0.0,0.04629381,0.0,0.0,0.04629381,0.017458408573629753,0.024958236919482,0.04629381,0.0,0.001994456207262428,0.0,0.0,0.0,0.0
26,1.5006816e+18,1.5604125,0.0,0.0,1.55175e-05,0.006285173276757395,0.04304720126625572,2.5e-05,0.3848763647886922,0.16332745858211578,0.0,0.0,5.416625e-05,0.04290105083656313,0.808306715058173,0.0,0.005899420786611218,0.0,0.0,0.020865232355606694,0.0,0.05240751910452059,0.050095992831536096,1.25e-05,0.045847433082124946,0.0,0.014151531965052129,0.015210829643761395,0.0,0.0,0.08472542265879261,0.018736213902770943,0.06189253244927622,0.0,0.0,0.01769377735332862,0.0,0.0,0.0,0.01599780091838706,0.0,0.0,0.03390502222404582,0.07737920855070937,0.06906965178050797,0.0,0.0,0.0,0.0,0.0,0.01766095281352955,0.01282057674140004,0.0,0.026179688680780404,0.028743315392265743,0.0
27,1.500768e+18,0.0,0.0,0.0,1.02664166625,0.0001789475,0.0,0.0,0.0,0.058522633847472826,0.04369975535607695,0.006151542706870005,1.634625e-05,0.0,0.018443903920935156,0.03100108130973812,0.0,0.021768922198648948,0.0020520686245256116,0.06356763776324222,0.0,0.04533833803158144,0.0,0.03201145712692435,0.0,0.0,0.012181947564620243,0.0,0.01950180537244613,0.018897963013323478,0.0019435920691623322,0.0,2.511875e-05,0.0,0.019679425706137257,0.024558729503429404,0.0,0.0,0.0,0.0,0.0,0.07328453236838299,0.0,0.0,0.0,0.046980223530467165,0.05115215853025481,0.0062765816610689,0.0,0.0,0.0046778511422867946,0.0,0.05765021507781275,0.0,0.0,0.0
28,1.5008544e+18,0.0,2.1692301754813928e-05,0.01447236875,0.01447236875,0.01447236875,0.0,0.0030641902121689287,0.014416273369451386,0.0,0.0,0.01447236875,0.010663150404775532,0.0007994488698338911,0.0,0.0017512214314846153,0.01447236875,0.0,0.0,0.01447236875,0.014137748791456966,0.0,0.003188165217894177,0.01447236875,0.01447236875,0.0,0.01447236875,0.0,0.01447236875,0.0,0.0,0.01447236875,0.014534557500000002,0.0,0.0,0.01447236875,0.0,0.010195866387142523,0.0,0.0,0.0,0.01447236875,0.01447236875,0.0,0.0,0.0,0.0,0.0,0.0,0.01447236875,0.01447236875,0.01447236875,0.0,0.01447236875,0.0,0.006601573131069411
29,1.5009408e+18,0.0,0.0,0.0,5.874999999999999e-05,5.4374999999999994e-05,0.0,0.0,1.4999999999999999e-05,3.75e-05,3.75e-05,3.75e-05,5.625e-05,3.75e-05,3.75e-05,0.0,0.0,0.0,0.0,0.0,3.75e-05,3.75e-05,3.75e-05,1.328125e-05,3.75e-05,7.5e-05,0.0,3.75e-05,3.75e-05,0.0,3.75e-05,0.0,2.279e-05,3.75e-05,0.0,0.0,3.75e-05,3.75e-05,3.75e-05,0.0,0.0,3.75e-05,0.0,3.75e-05,0.0,3.75e-05,0.0,0.0,3.75e-05,0.0,3.75e-05,0.0,3.75e-05,3.75e-05,3.75e-05,0.0
30,1.5010272e+18,0.0,3.75e-05,0.0,5.7954999999999997e-05,5.798625e-05,3.75e-05,3.75e-05,0.0,3.75e-05,0.0,3.75e-05,7.5e-05,0.0,0.0,0.0,0.0,0.0,3.75e-05,0.0,0.0,3.75e-05,3.75e-05,8.65375e-06,3.75e-05,3.75e-05,3.75e-05,3.75e-05,0.0,3.75e-05,3.75e-05,3.75e-05,3.75e-05,0.0,3.75e-05,3.75e-05,0.0,3.75e-05,3.75e-05,0.0,0.0,3.75e-05,0.0,0.0,3.75e-05,0.0,3.75e-05,0.0,3.75e-05,0.0,3.75e-05,0.0,0.0,0.0,3.75e-05,0.0
31,1.5011136e+18,0.0,3.75e-05,0.0,1.25e-05,0.0,0.0,0.0,0.0,3.75e-05,3.75e-05,0.0,7.5e-05,3.75e-05,3.75e-05,3.75e-05,0.0,3.75e-05,3.75e-05,3.75e-05,0.0,3.75e-05,3.75e-05,3.75e-05,0.0,0.0,3.75e-05,3.75e-05,0.0,0.0,3.75e-05,0.0,3.75e-05,3.75e-05,3.75e-05,3.75e-05,3.75e-05,3.75e-05,3.75e-05,0.0,0.0,3.75e-05,0.0,3.75e-05,3.75e-05,3.75e-05,3.75e-05,0.0,0.0,0.0,3.75e-05,0.0,3.75e-05,3.75e-05,0.0,0.0
32,1.5012e+18,7.5e-05,0.0,0.0,1.25e-05,2.314875e-05,0.0,3.75e-05,3.75e-05,3.75e-05,3.75e-05,3.75e-05,1.875e-05,3.75e-05,1.971125e-05,3.75e-05,0.0,0.0,0.0,0.0,0.0,3.75e-05,6.625e-05,3.75e-05,0.0,3.75e-05,0.0,3.75e-05,3.75e-05,3.75e-05,0.0,3.75e-05,3.75e-05,0.0,3.75e-05,0.0,0.0,0.0,0.0,0.0,0.0,3.75e-05,0.0,0.0,3.75e-05,0.0,0.0,0.0,3.75e-05,3.75e-05,3.75e-05,0.0,3.75e-05,3.75e-05,3.75e-05,3.75e-05
33,1.5012864e+18,0.1425,0.0402836025196524,0.0,0.05765357125,0.03182245838728115,0.0,0.0,0.01266590458706348,0.0,0.0,0.0,0.0,0.008124451471063571,2.03125e-05,0.0,0.0,0.06252690355917266,0.03899863441417089,3.6765e-05,0.0,0.021919902655529552,0.008080226178208577,0.0,0.0,0.0,0.0,0.02067998425828949,0.05035885361895611,0.04198299533828262,0.012334220072024114,0.0,3.75e-05,0.006362199716604069,0.011278803073823524,0.0,0.015403173892655213,0.004244944271698635,0.0,0.0,0.0,0.0,0.0,0.07966259020387904,0.0,0.02254583421312511,0.0,0.00902192814991061,0.04372373005343734,0.0,0.04168922855050876,0.041148147778587996,0.02942470796278294,0.00022307599419815253,0.04143492997288908,0.0
34,1.5013728e+18,0.21035,0.0327475651643318,0.0,0.7088375,0.018957714511818213,0.020197022579474356,0.0,1.666625e-05,3.75e-05,0.0,0.011668786007354595,4.613625e-05,0.0,0.024856370050392835,0.0,0.05281034441600525,0.016056068879380415,0.007323162531503276,1.923125e-05,0.04176453136275691,0.07572666672193268,0.028725596401910934,2.5e-05,0.0,0.04739158818314826,0.0,0.01215786196276479,0.0,0.0,0.0,0.0026657920214141627,0.04213635656403419,0.014833456804496754,0.006866782329021269,0.007093356658388005,0.0,0.023402080174200608,0.0,0.0200398735137154,0.039587314021334155,0.037040121934180985,0.0,0.0,0.044024881239862215,0.02287483201223699,0.0,0.09027750765437474,0.0,0.018504595875500122,0.016961805315778695,0.0,0.0,0.03230148106623274,0.03455346496545924,0.0
35,1.5014592e+18,0.451591112151197,0.0,0.0,1.4077577250134916,0.245819445,0.060465646088304265,0.05414092592181983,0.25155727959119734,0.13716430271755684,0.04132761832072264,0.00048159618760798626,0.005208189741138817,0.0316662739145337,0.047035003356459854,0.045389929150463804,0.02358848196879933,0.0,0.0,0.0,0.01065841707975847,0.0,0.0,0.0,0.036035116103509596,0.0,0.03837235048836073,0.0,0.012481937662840805,0.0,0.0,0.02712005452361123,0.00223333375,0.0,0.00025345625,0.0,0.0,0.05989529257883082,0.0,0.0,0.0,0.0,0.028482522474807523,0.056735486913743596,0.0,0.0,0.02133310405504131,0.0,0.0,0.0,0.11742426653496732,0.0,0.08077099901065468,0.0,0.0045643940648973595,0.0022225840904255205
36,1.5015456e+18,1.5234375,0.0,0.0,0.0,0.030614999999999996,0.0,0.0,0.0,0.0,0.0,0.0,1.875e-05,0.03601022877080304,0.028600776713029442,0.0334059954390681,0.0,0.0,0.01300597875,4.547375e-05,0.01131157333429917,0.0,0.00075208375,0.010513671396215167,0.0,0.0,0.01926471060485536,0.0,0.055062955493118175,0.0,0.024055149794424163,0.008230953647823634,0.004807430535173521,0.035208247117734424,0.008336997854312663,0.0,0.0,0.017384141574948598,0.050280534589069024,0.04668446191947291,0.024998116875756524,0.026293657381725764,0.0,0.0,0.0,0.02880016600736706,0.0,0.0,0.012982963189485709,0.04354008523852295,0.0,0.00864153416386503,0.0,0.016029063607950374,0.0,0.0
37,1.501632e+18,2.3407382929889557,0.09701517344263363,0.014653934190896894,0.005647032626971657,0.07169806049025841,0.03997516650741113,0.03120059183945772,0.0,0.0,0.008280537027356314,0.0,0.012113565341152278,0.030447555720585443,0.006590410377848772,0.022686986038269925,0.027954121511843434,0.030507420820885266,0.031118101278819515,0.03742270559262057,0.07573953813029045,0.0,0.0,0.0,0.0,0.0,0.0,0.0,0.012654646402591611,0.08340321510119461,0.1002281947862869,0.05370205713981685,0.02702492572775161,0.0,0.0,0.0,0.04424589016249237,0.0638543979416427,0.031105551166801183,0.02064066527494506,0.0,0.03783526983215774,0.08646813824325714,0.05287148647916059,0.0,0.05935810989293603,0.0,0.0032260296518657784,0.0,0.0,0.014237703282696704,0.0,0.0,0.030585452693199823,0.0,0.0
38,1.5017184e+18,5.026518392275806,0.002987900472847742,0.0,0.05595031441172541,0.0213050966159661,0.0277656765927099,0.003426183337506633,0.051029567469837146,0.0,0.0,0.0,0.0,0.029282114411128927,0.08530115143967196,0.0,0.0,0.0,0.0,0.0,0.00213648952837205,0.02349582679422297,0.010942404063362568,0.011877289802242081,0.0356625004273174,0.07633457674711519,0.0,0.053635323561440656,0.0,0.0,0.0,0.0,0.07151184231287222,0.04800093235383766,0.007562613340719665,0.012958004408039498,0.0,0.0,0.0,0.0,0.008381512780730902,0.0494910312880848,0.004017113353553957,0.03060646863343371,0.03942390383448575,0.0,0.02726270447894951,0.04075943773027893,0.0,0.0,0.08374319829187332,0.0,0.002555356949400023,0.01664793533121756,0.00147946161347459,0.0
39,1.5018048e+18,0.0,3.75e-05,3.75e-05,3.75e-05,3.379625e-05,0.0,3.75e-05,3.75e-05,3.75e-05,3.75e-05,3.75e-05,3.75e-05,3.75e-05,0.0,0.0,3.75e-05,3.75e-05,3.75e-05,3.699e-05,3.75e-05,3.75e-05,3.75e-05,0.0,3.75e-05,3.75e-05,0.0,3.75e-05,3.75e-05,0.0,3.75e-05,3.75e-05,1.875e-05,0.0,3.75e-05,0.0,0.0,0.0,3.75e-05,0.0,0.0,3.75e-05,0.0,3.75e-05,3.75e-05,0.0,0.0,3.75e-05,3.75e-05,3.75e-05,3.75e-05,3.75e-05,0.0,0.0,0.0,3.75e-05
40,1.5018912e+18,0.0,0.050578006055186434,0.0,0.0,0.06448935595577568,0.08913823546885702,0.0,0.0,0.024598338388945994,0.0,0.02791959631349604,0.0,0.056213827259704224,4.85e-05,0.00271914186245416,0.0,0.0022892721081070647,0.009966966095665135,2.63074375,0.0,0.0,0.0,0.0,0.0221001888875715,3.75e-05,0.001116546694255501,0.007716196661783616,0.0,0.0,0.0,0.0,0.0,0.05618422959757533,2.859e-05,0.0,0.0,0.0,0.07309847944113095,0.03831822007588599,0.0443344937511241,0.0,0.0,0.06555815390413333,0.0,0.0,0.06044784107648536,0.048711112361990966,0.005508573224411433,0.004646704804312674,0.0,0.0270500774930036,0.0,0.025164557209135813,0.011042208501562846,0.07595758653697621
41,1.5019776e+18,0.0,0.0,0.03717427279593627,0.045080443677511184,0.050412958531682775,0.0,0.034360666169318446,0.0,0.0,0.014868157715659264,0.04137995571652925,0.05797277925207634,0.0036965884825920403,4.05e-05,0.025851863371312303,0.0,0.0550907014477284,0.013554075821865264,0.74686875,0.0,0.0,0.010877454143908939,0.0,0.052253552629606397,0.0,0.0,0.002199415772917541,0.0,0.010280177584900987,0.03637946600721962,0.007926847144284658,0.0,0.03545147628333062,2.50575e-05,0.005370052806638937,0.0,0.04554836396684817,0.04330026929268905,0.0,0.0,0.007078433708558242,0.027588790138135123,0.044740663643031774,0.0,0.0,0.009398075202478318,0.026378730698142998,0.0,0.039594681560825275,0.0,0.034477520579937006,0.0,0.0,0.0,0.008807048188762209
42,1.502064e+18,5e-05,0.0,5e-05,5e-05,2.8125e-05,0.0,5e-05,5e-05,3.03575e-05,0.0,5e-05,0.0,5e-05,0.0,0.0,0.0,5e-05,3.571375e-05,5e-05,5e-05,5e-05,5e-05,1.388875e-05,7.055875000000001e-05,5e-05,5e-05,0.0,5e-05,5e-05,0.0,0.0,5e-05,5e-05,7.217125e-05,0.0,5e-05,5e-05,0.0,0.0,5e-05,0.0,5e-05,0.0,5e-05,0.0,0.0,0.0,0.0,0.0,5e-05,5e-05,5e-05,0.0,0.0,0.0
43,1.5021504e+18,0.11799685721982096,0.0,0.0,0.00541038434921698,0.035055566974329835,0.0,0.06524983376957359,0.0,0.10770416625,0.0,0.011460043776522114,0.0,0.016275186223355408,0.0,0.0,0.0,0.022113751934791273,0.01634498676262055,0.04039877379544174,0.0060266206432346234,0.0,0.0,0.0001561625,0.0193351115954017,0.012528104063153685,0.041675432224277296,7.499999999999999e-06,0.0,0.0,0.03047177794343081,0.059854426854559835,0.0,0.019557227160537007,0.002469089115896597,0.0,0.0,0.03634935577075437,0.013771721500579558,0.0,0.0,0.04288990343131231,0.007321146241211028,0.012742618630830923,0.0,0.0,0.10432861555149145,0.0,0.0,0.02348393348234462,0.0,0.002308138031141069,0.0,0.0021404111818820017,0.0,0.0
44,1.5022368e+18,2.85897083375,0.0,0.024160673462759897,0.053023716559388645,0.010219706229916022,0.07653765313350089,0.0357859522315307,0.0,0.025561921382866063,0.0,0.053397153455585517,0.0,0.004207778428934632,0.0,0.0685295294638683,0.0,0.0,0.0,0.016015479747154858,0.030709349712501832,0.01696194710272894,0.01805366900726646,0.0,0.07328791440330755,0.037871788992274696,0.09252217924317782,0.0,0.0,0.0,0.037532882554773814,0.0012140856848266394,0.009703420977844393,0.0,0.011409005890255453,0.010875547043471528,0.02068785112396314,0.07307503364483689,0.0,0.029149681339992916,0.0,0.0,0.0,0.06804241514837994,0.0,0.07279532206032427,0.0,0.0,0.043643567644134594,0.007901359688851974,0.045203184058709336,0.03590290442171242,0.04357677126160873,0.0,0.014366394005716694,0.0
45,1.5023232e+18,1.875e-05,1.875e-05,1.875e-05,1.875e-05,1.875e-05,1.875e-05,1.875e-05,0.0,1.875e-05,0.0,1.875e-05,0.0,1.875e-05,1.875e-05,0.0,1.875e-05,0.0,0.0,1.875e-05,0.0,1.875e-05,0.0,1.875e-05,1.875e-05,0.0,1.875e-05,0.0,1.875e-05,1.875e-05,1.875e-05,1.875e-05,3.75e-05,0.0,1.875e-05,1.875e-05,1.875e-05,0.0,0.0,0.0,1.875e-05,1.875e-05,1.875e-05,0.0,1.875e-05,1.875e-05,1.875e-05,0.0,0.0,0.0,1.875e-05,1.875e-05,0.0,1.875e-05,0.0,1.875e-05
46,1.5024096e+18,5.178625e-05,0.0,0.0,3.75e-05,0.0,3.75e-05,3.75e-05,3.75e-05,3.75e-05,0.0,0.0,0.0,0.0,3.75e-05,3.75e-05,3.75e-05,0.0,3.75e-05,0.0,3.75e-05,3.75e-05,3.75e-05,3.75e-05,3.75e-05,0.0,0.0,0.0,3.75e-05,0.0,0.0,0.0,3.75e-05,3.75e-05,3.75e-05,3.75e-05,0.0,0.0,3.75e-05,0.0,0.0,0.0,0.0,3.75e-05,0.0,0.0,0.0,3.75e-05,0.0,0.0,0.0,0.0,3.75e-05,3.75e-05,0.0,0.0
47,1.502496e+18,3.407343392665811,0.0,0.0,0.01656199061224929,0.0,0.0,0.015446203959080038,0.0,0.00846619969325853,0.018417723311356906,0.0,0.0,0.0,0.028374569767509322,0.07719279977068237,0.0,0.0,0.0,0.0,0.0,0.0,0.0,0.00014560267491283622,0.03729993651295892,0.0,0.0,0.004721807719192593,0.0,0.004825979381982996,0.0,0.050605767021289515,0.0,0.08112549776456268,0.11070889362921475,0.03592514904988828,0.0549067064349038,0.0,0.03644329461503945,0.0,0.0,0.03374592297159089,0.03345238125417106,0.0,0.018813448763105825,0.0053481032616226375,0.030838339228868115,0.005120237325597464,0.052829418315085704,0.04650649583875216,0.03464787587170059,0.016308145933250667,0.06722369383724482,0.01609519305222851,0.0,0.0
48,1.5025824e+18,6.885764999999999,0.040372294438622294,0.0,0.0225816325,0.000225,0.06401390378593275,0.4730686225,0.0,0.0,0.0,0.14222073022916398,0.0,0.0,0.015274267558946323,0.0,0.0,0.0,0.012468365657499482,0.0,0.003630829856602606,0.022484531689780485,0.0,0.029442689481631097,0.0,0.0,0.001419027137170911,0.0,0.02162035571360047,0.0,0.0,0.0,0.48631875,0.07125373289307038,0.02252646441839041,0.0,0.0,0.0,0.0,0.0438661220218632,0.040823315212414786,0.005487085402118397,0.06124686140733526,0.03312805934417559,0.0,0.0,0.0,0.0,0.02176611715931381,0.02006789826305228,0.0,0.010374393121443101,0.0028426732713336695,0.0,0.0629617451974053,0.00996559857767066
49,1.5026688e+18,8.386032104008192,0.06828870358843654,0.0,0.3153524849440486,0.0008875,0.014353373355692445,0.3885103520221493,0.0,0.025258358276719323,0.0,0.05928195321676218,0.0,0.0,0.02975542686307171,0.04337222144172234,0.0,0.0,0.02738125,0.020608524926248248,0.0,0.0,0.06306728864312897,0.04174317652255553,0.013808108924772338,0.04106110034370561,0.0,0.0,0.02000400310894023,0.0,0.06320001812346171,0.0,0.0741625,0.0,0.0033765868366667346,0.0,0.0010038468319323226,0.028905543024815884,0.042610759827677626,0.04099066051739393,0.009778895968372715,0.0,0.01062824708640525,0.06247117152562675,0.0,0.0,0.029433586307864898,0.05383880371801698,0.0,0.034737551094847136,0.007049899984036624,0.023232406552553472,0.02425493775778241,0.0,0.04167469964764302,0.011593287065081826
50,1.5027552e+18,10.734901611304725,0.05933782888761595,0.0,0.0868825,0.01116688156433614,0.0,0.09509163739154783,0.017673717360289096,0.0,0.0,0.0,0.030579572039562162,0.012205897704835805,0.0,0.0,0.02174630635386245,0.0,0.10895971091065454,0.1610428343786281,0.0,0.0,0.005156657177653214,4.553625e-05,0.07377464839885658,0.03410542619424135,0.0,0.00045806231726624113,0.09891475510792141,0.0,0.0,0.0025680689702370614,0.0903125,0.03988499867270619,0.0,0.02139338872906428,0.0,0.022507777978090775,0.0,0.0,0.0,0.0,0.0,0.0922795407847482,0.015462120064799434,0.012194024068710993,0.0,0.0007706963614533103,0.0,0.034011135230515924,0.0032826501920025205,0.06771173250962266,0.03820666764472545,0.10063087795410892,0.024910405862451298,0.000893586436981286
51,1.5028416e+18,14.109828785715283,0.0,0.006879962122921625,0.0,0.0,0.06278203776852578,0.07254958180944235,0.0,0.0,0.0,0.00085,0.003041092884421178,0.006989465012238426,0.008197824625294624,0.0,0.0,0.0,0.02983159167545103,0.0,0.0,0.00041489870057094194,0.05023748250122972,0.0,0.0,0.0,0.0,0.0,0.04051724697322894,0.011575404551150319,0.044948757995679545,0.039929726685892904,0.006914555997361558,0.0,0.008874688108284711,0.0,0.0,0.0,0.0,0.0,0.0,0.0,0.0,0.0,0.0,0.038532073295383634,0.018465109319487243,0.0,0.0,0.0,0.034670146154408235,0.0,0.0,0.0,0.06468784432796038,0.0
52,1.502928e+18,17.5666125,0.0,0.01870043912910904,0.016076566129775698,0.02232153678427662,0.0,0.025662775496197287,0.0,0.0,0.00027911739919758943,0.0,0.05078995690508973,0.0,0.0,0.0,0.001459593757481954,0.0,0.0,0.038432950090082345,0.0,0.0,0.05545271612704407,0.0,0.004426873813350054,0.0,0.0,0.03671169901543008,0.0,0.04983685854679976,0.0,0.0,0.0,0.0,0.0,0.0,0.013173526131910654,0.0118868039230085,0.0,0.038579442318514984,0.0,0.0,0.03934807354461155,0.021424363721899403,0.058372016528257076,0.06655096282804533,0.10435686932809532,0.025181292262814698,0.0,0.0,0.014113471973446222,0.0,0.0,0.0,0.001800877274246677,0.0
53,1.5030144e+18,20.884506468424476,0.0,0.0,0.04717509433721779,0.41049581692044423,0.07178548949679014,0.04001122267948443,0.006786229839557036,0.438475,0.0,1.3688203125,0.0946210965650744,0.05546880738915602,0.0,0.0,0.0,0.005658688459623969,0.5849511890929396,3.75e-05,0.0,0.0,0.0,4.46425e-05,0.016412895084759932,0.06575465148917609,0.0,0.054580224371714274,0.0,0.04910282823005752,0.0,0.0,0.0,0.0,0.0,0.0,0.029486272549910233,0.0,0.0,0.020756732918419264,0.0,0.022911850617875092,0.07334058674203763,0.016299508393627656,0.009445368579737264,0.0450325733081585,0.0,0.050404291323479095,0.0066553280025413155,0.0,0.0,0.0,0.023593999538165156,0.05828191819104613,0.03466770533807007,0.017097855019356102
54,1.5031008e+18,20.22219375,0.0,0.0,0.0,0.13893651284598058,0.044138889227205116,0.0,0.0,0.006056692472827113,0.0,0.04784464408470287,0.05270741807943039,0.01048675710523326,0.045921903350363155,0.0,0.016824869998856847,0.008742259123762865,0.0,0.0,0.035407416017400266,0.0,0.0,0.05565165726946456,0.0,0.017244369831804395,0.0,0.0,0.0,0.018897600997716864,0.0,0.015650650624445477,0.0,0.0,0.04634776821021698,0.03953883017920651,0.0,0.0,0.0027941501337084085,0.0,0.0,0.0,0.026275451745050336,0.04756274476644775,0.00888513631208805,0.016801116644895222,0.0,0.0,0.0,0.0,0.015086400981840404,0.0,0.0255692956080655,0.0689652112745725,0.0,0.04557810116286287
55,1.5031872e+18,1.22770208375,0.01985898631392548,0.0,0.26917299205787326,0.05934777057439181,0.0,0.28721877125,0.010083471859370793,0.11277459724876408,0.0,0.0,0.017949265,0.00622916625,0.0039165507433567386,0.0,0.0,0.0,0.06432338932085156,0.039244623673480694,0.0,0.021423899888777576,0.0,4.16625e-06,0.000525,0.0011230654079003634,0.02913992023828994,0.0,0.0,0.003025927900445441,0.0,0.0,0.012095210421566938,0.05373448558885544,0.0,0.0,0.0,0.0053713562541240845,0.0,0.008961546063486665,0.0,0.01916851610132497,0.07204935675822244,0.0,0.0,0.06852083107025969,0.0,0.0,0.060367672703060836,0.017312743692388145,0.05095357599508704,0.0,0.0,0.03214237426277587,0.0,0.0
56,1.5032736e+18,1.875e-05,0.0,9.375e-06,9.375e-06,0.0,0.0,9.375e-06,9.375e-06,9.375e-06,9.375e-06,0.0,9.375e-06,0.0,9.375e-06,9.375e-06,9.375e-06,9.375e-06,9.375e-06,9.375e-06,9.375e-06,9.375e-06,9.375e-06,9.375e-06,9.375e-06,0.0,0.0,0.0,9.375e-06,0.0,9.375e-06,9.375e-06,0.0,0.0,9.375e-06,9.375e-06,0.0,0.0,0.0,9.375e-06,9.375e-06,9.375e-06,0.0,9.375e-06,0.0,0.0,0.0,9.375e-06,9.375e-06,9.375e-06,0.0,9.375e-06,9.375e-06,0.0,9.375e-06,0.0
57,1.50336e+18,0.02029416625,0.035854955,0.0,0.011793937803002988,0.0,0.0359167975,0.035854955,0.0,0.0,0.0,2.083375e-05,0.029609319821661536,0.0,0.0026520108095096618,0.0,0.035854955,0.0,0.016822114532005324,0.035854955,0.02576666625,0.009650544338681429,0.0,0.02277498505549153,0.035854955,0.03049979828146509,0.0,0.0002178575,0.0,0.0,0.035854955,0.035854955,0.0,0.0,0.0,0.026029221872607332,0.0,0.008183322412743489,0.0,0.0,0.0,0.0,0.0,0.035854955,0.0,0.01337613806143383,0.00882123715919228,0.035854955,0.030672945190388864,0.0,0.0,0.035854955,0.0,0.0,0.0,0.0
58,1.5034464e+18,0.0,0.0,0.0,0.0,0.0,0.0,0.0,0.0,0.0,0.0,0.0,0.0,0.0,0.0,0.0,0.0,0.0,0.0,0.0,0.0,0.0,0.0,0.0,0.0,0.0,0.0,0.0,0.0,0.0,0.0,0.0,0.0,0.0,0.0,0.0,0.0,0.0,0.0,0.0,0.0,0.0,0.0,0.0,0.0,0.0,0.0,0.0,0.0,0.0,0.0,0.0,0.0,0.0,0.0,0.0
59,1.5035328e+18,0.0,2.75e-05,0.0,0.0,2.75e-05,2.75e-05,0.0,0.0,2.75e-05,2.75e-05,0.0,2.75e-05,2.75e-05,0.0,0.0,2.75e-05,2.75e-05,0.0,2.75e-05,2.75e-05,2.75e-05,0.0,0.0,0.0,2.75e-05,0.0,0.0,0.0,2.75e-05,0.0,2.75e-05,2.75e-05,0.0,0.0,0.0,2.75e-05,0.0,2.75e-05,0.0,2.75e-05,2.75e-05,0.0,2.75e-05,2.75e-05,0.0,2.75e-05,0.0,0.0,2.75e-05,0.0,0.0,2.75e-05,0.0,2.75e-05,0.0
60,1.5036192e+18,0.031178921369542423,0.018752757728040106,0.0,0.06990794057155528,0.04795755883008915,0.1306,0.0,0.02453928782216414,0.0,0.0,0.0,4.6695e-05,0.0,0.05653353703772072,0.0630122130413143,0.03259871244710381,0.0,0.055745386194305156,0.11036538164839697,0.0,0.02979289874877809,0.0,0.042339334708278574,0.0,0.0,0.0,0.0,0.0,0.06590803577087646,0.010652984965427832,0.0,0.003130840547123285,0.03692949699195628,0.0,0.0,0.0,3.75e-05,0.0,0.0,0.032309019874405084,0.0,0.0,0.0,0.06609551058880951,0.024950368487881423,0.02573530713459433,0.0,0.017324044700307933,0.0,0.04515330255481031,0.0,0.0478844798409556,0.0,0.0,0.05071889687897695
61,1.5037056e+18,3.75e-05,0.0,3.75e-05,3.75e-05,2.232125e-05,0.0,0.0,3.75e-05,0.0,0.0,3.75e-05,3.71625e-05,3.75e-05,6.1875e-05,0.0,0.0,3.75e-05,3.75e-05,2.34375e-05,3.75e-05,3.75e-05,4.895875e-05,0.0,0.0,0.0,0.0,3.75e-05,3.75e-05,3.75e-05,0.0,3.75e-05,5.096124999999999e-05,3.75e-05,3.75e-05,0.0,3.75e-05,0.0,0.0,0.0,0.0,3.75e-05,0.0,0.0,0.0,0.0,0.0,3.75e-05,3.75e-05,0.0,0.0,0.0,3.75e-05,3.75e-05,3.75e-05,0.0
62,1.503792e+18,0.0,0.0,0.0,0.0,0.08217314875,0.0736652297312487,0.0,0.0,0.04386634918952196,0.0,0.0,1.25e-05,0.0,0.08213333375,0.0,1.931875e-05,0.05447157649106483,0.03485604529706049,0.04492543428553181,0.019893989200456316,0.00628203125,0.039285043834682135,0.0,0.0,0.0,0.0,0.003803136993329949,0.0,0.0,0.021617587603646352,0.006551611365566814,0.0,0.014032935323773513,0.0,0.015320008686464055,0.0,0.011265367207241996,0.028706453108327628,0.0,0.07496561845009769,0.04178106518965926,0.006130246955901945,0.031127228746353475,0.0,0.0,0.0,0.0,0.008617305762476738,0.0,0.0,0.0190526689028298,0.0,0.03701141773422325,0.0,0.0
63,1.5038784e+18,0.0,0.0,0.0,0.0,3.0132950000000003,0.0,0.0,0.023648432931927647,0.02930783160024244,0.0048731733718788296,0.009074214400620768,0.021438166258566222,0.0,0.525275,0.0,0.026095589482194648,0.132271875,0.012197002759724494,0.0,0.02083938375,0.0754603725,0.023121505833005408,0.04324602927247488,0.0,0.021317433569588023,0.0,0.0,0.0,0.0,0.0,0.011903935332408945,0.08361450326150421,0.0,0.063384375,0.0,0.00754081778087437,0.017958625918893162,0.0,0.028441982836315466,0.0,0.08256474652061321,0.0,0.03484265720938055,0.03966088674855541,0.0,0.050989923313828234,0.0,0.050073249388985115,0.030680483353459014,0.014298071315354384,0.0,0.041331353259941486,0.053320010224493855,0.05191536406170789,0.0
64,1.5039648e+18,0.490975,0.0,0.0,0.03522326004790474,0.26313244,0.03157167314116624,0.0,0.0,0.04056873131918712,0.0,0.043274030589398126,0.0,0.3028125,0.004809753754740393,0.0,0.016053865141497193,0.017356199117414938,0.040797609740919165,0.0,0.05905501691442777,0.011758125,0.07659718221198347,0.002549638614812146,1.96425e-05,0.0,0.007073125,0.0,0.0,0.0,0.013027864937343607,0.037223068412321314,0.0,0.0,0.02518351634744411,0.0,0.009039192724615158,0.04553532236628515,0.031383536373958514,0.0,0.0,0.0,0.0,0.0,0.05570432303219231,0.027670342681667008,0.06328080780873656,0.0,0.0,0.05598480640821773,0.004968846476934238,0.0,0.0,0.0,0.03895104636471391,0.0
65,1.5040512e+18,0.0,0.0,0.0,0.0,0.165213715,0.08757989873343791,0.009947904449391445,0.0,0.027937854435771726,0.0,0.024094001092461872,0.0,0.0,0.0,0.0,0.0,0.08626138519085715,0.0,0.0,0.03964586875,3.333375e-05,0.01122640067538505,0.009504011483744548,0.0,0.06098755591051781,0.0,0.0,0.03888139550935441,0.0,0.009324733479231321,0.0,0.0,0.04706407447395677,0.0,0.045872964345609425,0.016471445752200647,0.015532114324272497,0.012561330641523323,0.008891165535244749,0.0,0.0,0.0,0.02585788209291104,0.0023485092608835894,0.0,0.06075062946208273,0.0,0.04864869474450313,0.0,0.0,0.07049800675984193,0.09347838933683358,0.030204544478975436,0.0,0.0
66,1.5041376e+18,0.0,3.75e-05,3.75e-05,0.0,3.75e-05,0.0,3.75e-05,0.0,0.0,3.75e-05,0.0,0.0,3.75e-05,0.0,3.75e-05,0.0,7.5e-05,0.0,0.0,0.0,4.9999999999999996e-05,3.75e-05,0.0,0.0,3.75e-05,0.0,3.75e-05,3.75e-05,3.75e-05,0.0,3.75e-05,3.75e-05,3.75e-05,0.0,0.0,0.0,3.75e-05,3.75e-05,0.0,0.0,3.75e-05,3.75e-05,0.0,0.0,3.75e-05,3.75e-05,3.75e-05,3.75e-05,3.75e-05,0.0,3.75e-05,0.0,3.75e-05,0.0,0.0
67,1.504224e+18,0.0486910725,0.0,0.02434553625,0.013883659091525431,4.3915e-05,0.0,0.02434553625,0.02434553625,0.02434553625,0.013529474502884355,0.00797189567712096,3.4375e-05,0.01410627799145344,2.159125e-05,0.02434553625,0.0,0.0,0.012175705829787978,0.0,0.02434553625,0.013794190558681437,0.024364015,0.007206386291678608,1.875e-05,0.02434553625,0.0,0.01531316690381962,0.0,0.0,0.010684395323838048,0.02110321636418143,0.01047096752983667,0.0,0.0,0.02434553625,0.02434553625,0.009633841652724615,0.007772650570475165,0.0,0.0,0.02434553625,0.00535921496475588,0.0,0.0,0.02434553625,0.0,0.0,0.0,0.010553518439325808,0.02434553625,0.0,0.0,0.0,0.02434553625,0.0
68,1.5043104e+18,0.022118021249999998,0.011036878802064167,0.006180655865277942,0.0,3.7285e-05,0.0,0.0,0.0,0.0220921875,0.0220921875,0.010375081419388673,6.25e-06,0.0220921875,3.75e-05,0.003038425980978474,0.0,0.0220921875,0.0,0.0,0.0220929225,0.022110045,0.0220921875,3.75e-05,0.0010721020906864435,0.0,0.01406199644031313,0.02084188163439932,0.0,0.016458133478337328,0.0,0.0,0.0,0.0,0.0,0.009523034062095264,0.0220921875,0.0,2.1875e-05,0.0,4.583375e-05,0.0,0.0,0.0031707378165845702,0.0,0.0,0.0,0.0,0.016539674400688115,0.01386225942905532,0.0220921875,0.0,0.0,0.0,0.0220921875,0.0
69,1.5043968e+18,0.09923,0.006717994180281276,0.05850583347130767,0.0,0.0,0.04862152939348163,0.0,0.06769646623405287,0.0,0.004859438381862196,0.06575416625,0.0,0.053259938882587614,0.036774054312271036,0.04208032360703458,0.03464762607232975,0.053521882846790395,0.030195733090479588,0.0,0.02441086125,0.00024812500000000003,0.07525198452209171,0.02088569247822373,0.0,0.047093613325233166,0.031110322578674805,0.06184073106963601,0.0,0.0,0.02504892895014492,0.0,0.04317544140017698,0.019247134802241068,0.014118368596170099,0.00036244764127230247,0.0,0.04423950933806957,0.003188028064305663,0.0064958337826479615,0.02567167001758119,0.023592079730215862,0.0,0.06794651035614095,0.013496002237764045,0.09923,0.0,0.011826445317934184,0.05300869260419691,0.0021565795622777977,0.0,0.0,0.0,0.0,0.02601330508735672,0.0
70,1.5044832e+18,0.04522455092549835,0.0,0.044914045694890714,0.052246397239659785,0.05063984375,0.12841177499999998,0.0,0.028690004632710906,0.022474950723983637,0.0,0.0,0.2128109754020755,0.0,0.0069425,0.024417239548110578,0.0,0.04039924587288556,0.0,0.0,0.09598980659353741,0.057587721834028556,2.9700375,0.05321597960520224,0.03933015751154102,0.028203373721655815,0.015130875416299917,0.0,0.0010375,0.02830481443478027,0.0036793934447044113,0.06254463965554191,2.5e-05,0.0,0.0,0.021121753145245697,0.03324670847096411,0.05057706070362202,0.017922107235550766,0.04515770589550706,0.0274534717116325,0.021049407727764858,0.11873439812348835,0.0,0.08283679081060456,0.0,0.0,0.0,0.0,0.0,0.01070729984145711,0.0,0.0,0.016220580499711795,0.0710039543557279,0.03691012097072136
71,1.5045696e+18,0.02171875,0.0,0.0,0.0,0.09647074244941159,0.007260884798792245,0.010311720872658024,0.0,1.875e-05,0.0,0.0,0.0,0.010223045510022595,0.00391415875,0.0,0.04536323108588266,0.056334375,0.0,0.0,0.0,0.0,0.030209214097366443,0.02415025626362441,0.0,0.0,0.0,0.0,0.0752790325,0.0,0.0,0.03762759089297303,0.0,0.018366668640571463,0.0,0.0,0.008059762504211353,0.005940818978461404,0.0,0.02079766767443604,0.051583460830672945,0.010067534706658552,0.0,0.009860422877420954,0.04607582756100809,0.0,0.010250546844849346,0.0,0.0,0.0,0.0752790325,0.03517234287424235,0.0,0.06833908336328876,0.0,0.00752138086633811
72,1.504656e+18,2.94021711494526,0.08204524523973517,0.0,0.0,0.7601609375,0.0,0.016837073212061286,0.0,0.007231612444794379,0.015684235828688022,0.006901731124240163,0.0,0.02344815008256379,0.0264200575,0.0022759256301997143,0.0,0.0,0.010001217834962151,0.0,0.0,0.01928125,0.0,0.0,0.048350274041037616,0.0,0.0,0.012321824883538529,0.0,0.05749513542870945,0.04629039307750994,0.025732441404264957,0.0,0.0,0.03156766333429883,0.0025800527161075706,0.0,0.0,0.0,0.05137328133486634,0.0,0.04346609342913469,0.0,0.013816018618844596,0.046574779084685505,0.0,0.03400577932226074,0.0,0.09570705105338011,0.0,0.0,0.0,0.0,0.018677869387384013,0.0,0.00866800033921495
73,1.5047424e+18,0.0,0.03604342196680717,0.0,0.04743921108488691,0.3699625,0.0,0.04496699186716503,0.0,0.02467157950457859,0.011849515660368085,1.875e-05,0.022337284542255583,0.04431830982625299,0.04255697873861991,0.021584402461129214,0.0,0.020553755003401813,0.015540685172538664,0.0,0.028479095322026523,0.020919046257038644,0.017084061776035223,0.0,0.0,0.0,0.0388264808185686,0.0,0.031906404751709944,0.04677019526976834,0.0,0.0,0.019388955973561602,0.0030326124614412117,0.002787262786198742,0.0,0.0,0.030467291597295134,0.025425848064918294,0.08684315057394308,0.06462824132213454,0.0,0.07696241031036276,0.07532651179794994,0.0,0.010927544530036583,0.0018166266035277235,0.020647238939992527,0.0002774994540476711,0.003265104247788243,0.0,0.0,0.0057653228790306675,0.056097996500781296,0.009976392869052716,0.06970060902771096
74,1.5048288e+18,0.21325625,0.0,0.041426634307310986,0.0,0.00529375,0.0,0.006407156119406981,0.022703381141449624,0.0,0.0,0.0,1.875e-05,0.03878086677779254,0.039167802375077033,0.037827593038816956,0.00166714617731845,0.01244499756335719,0.0,0.054197135314657835,0.00028619875,0.00930015,0.0,0.006205070466575738,0.007149966234852085,0.0,0.0,0.05023581070786642,0.01071868062676721,0.015777349766930883,0.02090360879735203,0.018285840775506327,0.0,0.0,0.0,0.02209267996634212,0.00412496161087606,0.021424151513477478,0.013096554102962675,0.0,0.0,0.024008064768027557,0.0,0.0,0.02890981936593423,0.014855622020239498,0.03535379962175311,0.0,0.06506531482599855,0.0,0.0,0.0,0.02124795880691895,0.0,0.0,0.0
75,1.5049152e+18,0.3733436336565438,0.0,0.011854175454826747,0.0,0.3960157644154104,0.019432413946335474,0.03450889599794105,0.009872750294432204,0.0,0.03442303735544496,0.01601311901557722,0.0,0.0,0.082691365,0.0381976122701356,3.75e-05,0.027816736812323523,0.0,0.00860546725765171,0.00171529375,0.10309148520886763,0.0351445596767139,0.0,0.007103425715980621,0.0,0.0,0.07113051813779878,0.0,0.0,0.020799833590377396,0.0,0.03350484704075036,0.09293121710417887,0.03553056358952684,0.0049207767628028035,0.0,0.0,0.0,0.0,0.024028313413411415,0.026566007251741013,0.03339391250712669,0.03346543259603017,0.0,0.010944201353550542,0.0,0.13164916584522302,0.01885042691232885,0.04022585370278848,0.0,0.011255061367267546,0.0,0.0,0.0,0.07657410374346724
76,1.5050016e+18,0.46627321375,0.024125303737667712,0.0,0.0,0.6829858107635589,0.012794650268323368,0.0,0.025012576258809035,0.1087966645993301,0.0,2.613625e-05,0.0,0.0,0.02109603125,0.0,0.0,0.02342294403201399,0.0,0.00615,0.0361258725,0.028236810057816503,0.0,0.0,0.0,0.0,0.0,0.0025911289659534638,0.10432383298478894,0.04738200029466103,0.06373923385840198,0.027163908927423184,0.03342396608619035,0.0239512919462323,0.0,0.00910490111459493,0.0,0.0,0.0036980990101915514,0.0,0.0,0.028226805787801564,0.0,0.0028570792149693923,0.03767810141629329,0.0,0.0,0.04926953008761076,0.043310747031512886,0.0,0.0,0.007492234254796958,0.06172321860535685,0.003638183561325984,0.0,0.001602718110257197
77,1.505088e+18,0.18987500000000002,0.024540098572349414,0.07356548285746142,0.0,0.08889919375,0.0,0.0,0.014835975093201321,0.038358505645509446,0.0,0.05986649378499735,0.01203446089736187,0.03989630683849073,0.031154980706169726,0.0,0.003503566753827327,0.0,0.0,0.010286741463885859,0.064273899057504,0.08740778421141336,0.02081870572252556,0.03801609953568648,0.0,0.0,0.05976835135306913,0.0253865174791427,1.875e-05,0.007743409347195203,0.008451348871214587,0.02623557777885539,0.02176899459760845,0.05098859881686313,0.04054489793398596,0.04627374651729907,0.05344965097612269,0.0,0.0,0.02986680175270381,0.04264036749115343,0.0,0.0,0.004941303200001267,0.0,0.03264675573525699,0.013954811000785215,0.0,0.0,0.0,0.002097651010009804,0.05667111489992159,0.0,0.0,0.028779734757683632,0.0
78,1.5051744e+18,0.75807291625,0.0,0.8085125,0.0,0.4130764028334477,0.36466936,0.0,0.01809759534221413,0.2600875,0.0,2.8125e-05,0.00055,0.0,0.073815695,0.0,0.058803714266187135,0.006514795284996915,0.0,0.056396762498689655,0.0,0.18796314270298223,0.0033924810721114463,0.0,0.032109002483971714,0.02526960753781123,0.01464580582885781,0.009792536106602035,0.0015625,0.016573453421814238,0.055462932659547624,0.043463089067994336,0.0,0.01796618089663627,0.0,0.0,0.042296882589628354,0.0,0.055397517117297665,0.0,0.022391475089543363,0.040265611486946296,0.0004964616747519002,0.0,0.0,0.0,0.06908177432607539,0.0,0.022727021401956767,0.04538441897801496,0.0,0.03273118248505398,0.0,0.0,0.0,0.0
79,1.5052608e+18,1.7929653320391414,0.0,0.0,0.08588709157094485,0.03678319417578388,1.1317574705128974,0.0,0.0,0.029659943023616776,0.0,0.0533923756612107,1.5580650956269755,0.03341550401679185,0.04239628315104476,0.0,0.0,0.015036365845021438,0.015455312827101862,0.039170188626187485,0.0,2.5e-05,0.05255403033719662,0.0026040121899247614,0.01131965860221566,0.010643416541781773,0.0,0.0,0.0,0.007652396931806549,0.0,0.0053510127353305756,0.0,0.03481854653594584,0.0406591278400435,0.06376646325385439,0.0,0.0,0.0,0.016220379153531594,0.034232874793392966,0.05509015101136314,0.004035058633353826,0.011099678699741425,0.0,0.0,0.0,0.041590842713751325,0.0,0.04617583415459176,0.0,0.0,0.0,0.0,0.10103308626267592,0.010067980440904128
80,1.5053472e+18,0.0,1.848625e-05,0.0,0.0,0.0,1.848625e-05,1.848625e-05,1.848625e-05,1.848625e-05,1.848625e-05,1.848625e-05,1.848625e-05,1.848625e-05,1.848625e-05,0.0,0.0,0.0,1.848625e-05,0.0,1.848625e-05,3.098625e-05,0.0,0.0,1.848625e-05,0.0,1.848625e-05,1.848625e-05,0.0,1.848625e-05,0.0,0.0,0.0,1.848625e-05,1.848625e-05,1.848625e-05,1.848625e-05,0.0,0.0,0.0,0.0,1.848625e-05,1.848625e-05,1.848625e-05,1.848625e-05,0.0,1.848625e-05,0.0,0.0,0.0,0.0,1.848625e-05,1.848625e-05,1.848625e-05,0.0,1.848625e-05
81,1.5054336e+18,1.590875e-05,0.0,0.9351210408414103,0.0,0.20337919346046873,0.060040402471674297,0.0,0.0,0.02281929667995912,0.010024076752513897,0.13876875,0.05988191827327171,0.005120802068541687,0.053991703311393226,0.017435332554415078,0.0,0.0,0.010497879979991607,0.03419509843914483,0.009807817020952726,0.0036258925,0.040322915984476786,0.03286234247905485,0.03705061724338586,0.0,0.01401866881964678,0.0,0.07979046185803915,0.0,0.05332005314951428,0.024053860545692248,0.03918575389291856,0.0,0.009961586941507226,0.0,0.0,0.0,0.017691236540686345,0.03036937825070481,0.03516033699738986,0.0,0.0,0.0005735492084573292,0.0,0.0,0.026514706225041772,0.0,0.02628912477262807,0.0,0.022486807846814966,0.0,0.0006115665378050596,0.08928911279576221,0.0,0.0
82,1.50552e+18,3.310475,0.0,0.0,0.0,1.60296363625,0.07272129800688522,0.004759706960170609,0.0,0.035584615,0.0,0.0,0.10160220676916229,0.10226590358622473,0.0008232875,0.02305826319590136,0.0,0.0,0.020772334150973872,0.0,0.0,0.001990625,0.021241179305622172,0.028671445748875687,0.05215902709573725,0.06650511595268284,0.0,0.0,0.023712582826534653,0.0,0.011943097067648215,0.0,0.00899963440704182,0.01477733339098432,0.0,0.0,0.0,0.01659317075213986,0.020205038934172456,0.0,0.05888769781542387,0.0,0.0,0.062351055628211055,0.0,0.027977766055001102,0.0,0.041624643987282654,0.11079119134012338,0.002204588114008573,0.0,0.007925439509694817,0.0,0.0,0.02324001408484328,0.019920089568491534
83,1.5056064e+18,5.48477916625,0.01787736425445344,0.05150625,0.0,0.22856363625,0.053772815104397645,0.011716347484471324,0.06870881587627908,0.1647875,0.07374548187813698,0.07723821492474639,0.12880479811004036,0.03500621978398385,0.0,0.002187242359810577,0.05144851822809802,0.0,0.05953469620056143,0.0058351365847980246,0.5833,0.0256,0.0,0.0,0.0,0.0,3.75e-05,0.0,0.004282925193956835,0.02768406558292779,0.0641443811641767,0.019470296397477566,0.025609253314548767,0.09670767605319336,0.0,0.0,0.0,0.046066658752328654,0.0,0.09668849773945569,0.0,0.0,0.0,0.0,0.0,0.03746837056610153,0.0,0.006900957853699343,0.0,0.005632505872841234,0.028952716320103246,0.0,0.001527204338044313,0.0,0.0,0.0
84,1.5056928e+18,3.75e-05,0.013044163650838601,0.008087539285615905,0.0357717122323298,0.1755978893147141,0.0,0.0308784890779602,0.06172399449513827,0.01124924250678424,2.232125e-05,3.208375e-05,0.002040684789296988,0.0,0.0,0.0,0.0,0.053186411987237996,0.0,0.0,0.0,0.02501747648505042,0.007658186779779822,0.013257140420026018,0.008481827378599366,0.0,0.0,0.07472055518668,0.0,0.0323026910086725,0.04469541924563184,0.01660380393554127,0.06596409431863282,9.375e-06,0.0,0.0,0.01912548685423563,1.71875e-05,0.01112545462865863,0.12013040434593951,0.02223032460222539,0.0,0.046569296962727824,0.028379907207521874,0.02428685624524768,0.0,0.0321812547471922,0.0,0.0,0.0,0.11183631968312409,0.0,0.026237512020075574,0.06084770480139166,0.024108340355764032,0.0
85,1.5057792e+18,0.3966768486330694,0.03575591820584525,0.07826661384912623,0.0,0.03628634824868034,0.0,0.0,0.0,0.02775833375,0.02447889539541268,0.00231041625,0.005516974964804508,0.04857060689496142,0.0176342575,0.027404423232387367,0.0023992294513688335,0.009119335658466949,0.0,0.0069054906470161275,0.0902655574712736,0.00136416625,0.0,1.71875e-05,0.0,0.006066264175587495,0.012850776032770732,0.0,0.0,0.007675758128310053,0.0,0.05216622736461642,0.07187873125402243,7.5e-05,0.016477455323608458,0.0,0.0,2.916625e-05,0.0,0.05307567669049777,0.0,0.0,0.0,0.014038388606248998,0.0,0.052692966273558815,0.029461352039966995,0.03394169834702382,0.0,0.05672102642578363,0.004072267681063106,0.004314517177655004,0.0,0.0,0.0,0.0
86,1.5058656e+18,0.0,0.006606951135662032,0.0,0.0,0.88675625,0.0,0.0,0.019567090659132234,0.03263788284076274,0.0,0.4473821425,0.03482503386754815,0.013575933144183828,1.87416577375,0.0,0.023038762368852203,0.0,0.010819204826326414,0.0,0.02004966729829232,0.0048547139758308155,0.0,0.010897953047165794,0.0059600055481546935,0.0,0.0,0.021969314233934296,0.04181778584928846,0.006788881357654799,0.000989622331222435,0.034391356681469615,0.0,0.009742836619273844,0.0,0.0,0.0,0.0,0.041344733672194316,0.10843034666346148,0.009755934208609521,0.0,0.0,0.05294011451716344,0.03479274367278904,0.0,0.0,0.016360050455214277,0.0,0.010743280110916189,0.0,0.0,0.044831879398794794,0.0,0.04115055582668636,0.005026572174001985
87,1.505952e+18,2.1695e-05,0.0,2.1695e-05,0.0,0.0,0.0,2.1695e-05,2.1695e-05,4.0444999999999996e-05,2.1695e-05,0.0,0.0,0.0,4.339e-05,2.1695e-05,0.0,2.1695e-05,0.0,2.1695e-05,2.1695e-05,2.1695e-05,2.1695e-05,2.1695e-05,0.0,0.0,2.1695e-05,0.0,2.1695e-05,2.1695e-05,0.0,0.0,2.1695e-05,0.0,2.1695e-05,2.1695e-05,0.0,2.1695e-05,0.0,0.0,0.0,0.0,0.0,0.0,0.0,0.0,2.1695e-05,2.1695e-05,0.0,2.1695e-05,2.1695e-05,2.1695e-05,2.1695e-05,0.0,0.0,0.0
88,1.5060384e+18,0.008383676752130571,0.0,0.033678552041696584,0.055469643474273224,0.012562592834592004,0.0,0.0,0.051417915759558425,1.770875e-05,0.03172188816895884,0.000597267018636597,0.0,0.0,0.09763533065511795,0.026105607327088328,0.0030048075,0.0,0.008269133087758031,0.03083228568356851,0.004056415,0.0016252975,0.0,0.0,0.07127162125,0.013029622985497508,0.0,0.05806944395271825,0.0,0.05819958492531699,0.01491611419441161,0.0072858164254647455,0.06831407309043284,0.00023333375,0.07127162125,0.053218627729410425,0.01861415108233571,0.0,0.05896139193449591,0.04899636927670879,0.0353136223250515,0.07127162125,0.010662184481573855,0.0,0.04556135292813594,0.0,0.0,0.0,0.0,0.05296491931531423,0.043472628493373605,0.009931935215225247,0.0,0.03134148849944003,0.006687161542995061,0.032465352622486406
89,1.5061248e+18,0.0,0.0,0.03221079431859889,0.0,0.009287533468081833,0.0,0.0,0.02502145896347519,0.02312159530638861,0.912698393059047,0.017027282191923086,0.0,0.032157473398202525,0.050469898192018976,0.0,3.75e-05,0.09122749151003197,0.008373212151709584,0.03449085706471456,0.04694961367677171,0.022618371429572105,0.0,8.392875e-05,0.02976650825271479,0.04889996215839837,0.0,0.0,0.019569395838651697,0.0142421902783693,0.0,0.0,0.008762906977461578,0.03361507552489555,0.06959327348866232,0.023217053618733337,0.028690398012951868,0.0,0.0,0.0,0.09579018747290663,0.0,0.01853243611384229,0.0,0.0,0.10525766148673184,0.0,0.038807922046249804,0.0,0.04847793661677223,0.0,0.055495381533036035,0.0,0.0124766562996643,0.0,0.07898755346661551
