,Day,[Arbok] Wait Hours: Total,[Oddish] Wait Hours: Total,[Pidgeotto] Wait Hours: Total,[Wartortle] Wait Hours: Total,[Persian] Wait Hours: Total,[Zubat] Wait Hours: Total,[Golduck] Wait Hours: Total,[Spearow] Wait Hours: Total,[Nidorina] Wait Hours: Total,[Clefable] Wait Hours: Total,[Meowth] Wait Hours: Total,[Weedle] Wait Hours: Total,[Golbat] Wait Hours: Total,[Ninetales] Wait Hours: Total,[Caterpie] Wait Hours: Total,[Ekans] Wait Hours: Total,[Sandshrew] Wait Hours: Total,[Wigglytuff] Wait Hours: Total,[Jigglypuff] Wait Hours: Total,[Dugtrio] Wait Hours: Total,[Vileplume] Wait Hours: Total,[Nidoking] Wait Hours: Total,[Pidgey] Wait Hours: Total,[Diglett] Wait Hours: Total,[Paras] Wait Hours: Total,[Squirtle] Wait Hours: Total,[Pikachu] Wait Hours: Total,[Mankey] Wait Hours: Total,[Kakuna] Wait Hours: Total,[Vulpix] Wait Hours: Total,[Venonat] Wait Hours: Total,[Sandslash] Wait Hours: Total,[Primeape] Wait Hours: Total,[Rattata] Wait Hours: Total,[Butterfree] Wait Hours: Total,[Ivysaur] Wait Hours: Total,[Venusaur] Wait Hours: Total,[Raichu] Wait Hours: Total,[Charmeleon] Wait Hours: Total,[Blastoise] Wait Hours: Total,[Bulbasaur] Wait Hours: Total,[Charmander] Wait Hours: Total,[Gloom] Wait Hours: Total,[Parasect] Wait Hours: Total,[Beedrill] Wait Hours: Total,[Metapod] Wait Hours: Total,[Nidorino] Wait Hours: Total,[Fearow] Wait Hours: Total,[Clefairy] Wait Hours: Total,[Nidoqueen] Wait Hours: Total,[Raticate] Wait Hours: Total,[Pidgeot] Wait Hours: Total,[Charizard] Wait Hours: Total,[Venomoth] Wait Hours: Total,[Psyduck] Wait Hours: Total
0,1.4984352e+18,1.2970703491756355,232.36674885551142,2.9922875,0.0,0.7265955423369059,0.0005625,0.4081714877192006,0.0,0.0,7.6537145759679825,0.1072435890323012,0.9756486404558237,7.5e-05,5.012627821416044,0.0,0.0,0.0,5.440245199064653,0.0,0.0,2.6545875,0.0,6.4833100824628085,1.4785909254655085,0.8941777711523117,10.528435418226103,0.7585247120242612,0.0,0.06319143762176677,0.6925868860056249,7.089497463760337,0.0,2.2014583346998124,0.0,0.0,0.0,6.821133091872767,2.693819610028444,5.141811904831243,3.930228576111896,4.336417454036762,0.0,0.7988459365588514,0.0,0.0,0.0,0.0711142543698716,4.194932611432109,0.0,0.7111275337511652,0.0,0.17651119293840972,5.666449009794054,0.0,1.1603126655334337
1,1.4985216e+18,0.0,0.3597625,31.445975,0.6762008272529606,0.0,2.6330920130591178,29.7856875,0.0,0.0,9.422316839036714,2.253356462626286,2.463547409447134,2.3893375,0.0,5.122745727506005,6.9314702341580725,9.60443476510111,7.4199365203292755,2.058186938017748,5.635953347833374,0.0,0.5659001348747779,0.0,0.0,4.043224553464468,0.0,0.0,2.73401266843451,0.0,1.360244964818384,2.8852217925043413,0.0,0.0,0.0,0.0,0.6370167226677457,6.519632199006094,0.0,2.9923117690929386,0.008853779293828985,0.0,0.0,0.0,5.312129199543384,0.0,0.31119358521079,0.0,1.828971541177401,4.790317378389931,2.078037493415508,7.483966592972478,4.808696568715848,0.0,2.426492656048785,0.0
2,1.498608e+18,1.1902961013554019,3.6251989576866923,0.001075,1.247661169233901,0.0,19.304776398797628,16.156281397811366,2.530202563389861,1.4542563279571914,5.395988392831943,0.0,0.7932673672455958,4.6310057525744694,0.0,0.0,0.0,2.808763348501983,2.694933810466911,0.0,0.0,3.157795628889895,0.4687323505799429,0.0,0.0,4.805008126970194,2.0486117273268896,0.0,0.0,0.0,4.379492466840447,0.0,5.063472904515244,1.2324497459114572,0.0,7.5952908808934625,0.0,1.0925947339948776,2.5230950628565854,0.0,3.133424198910765,3.7800200310959324,6.2687878891597855,0.0,0.0,3.054921712851552,3.838360836742363,0.0,0.0,0.7005883388254799,0.0,0.0,8.683324049351148,0.0,6.097641461672687,6.957224633426352
3,1.4986944e+18,6.7104875,0.0,0.124070842301672,0.0,0.0,0.0,0.0046875,0.0,0.0,0.0,0.0,3.022565707673933,0.0001125,7.157325,1.3232936790283327,1.482206911496391,7.2635625,0.0,0.0,0.0,0.6034962646286424,0.6701310114063149,0.0,2.498037465624866,3.74260396702049,0.0,0.0,4.4554716485549415,3.5214668804365368,6.016376508288866,0.0,1.3739086511264078,0.0,1.0806751086164192,0.0,0.0,5.505703909784648,0.0,2.074494190713451,0.0,5.684758003284172,7.157325,0.0,0.0,0.0,5.8846609317233876,4.189906721428729,1.6233045235483656,0.9777062690577412,0.0,0.0,1.3588803453021505,0.0,0.0,0.0
4,1.4987808e+18,1.1414625,0.00045,1.14195,0.0,1.1415375,0.6144036825644109,1.1417125000000001,0.0,0.0,2.282925,1.1414625,0.0003875,0.0,1.1414625,1.1414625,1.14175,0.004375,0.011025,1.142125,0.0,1.1414625,1.1414625,1.1414625,0.0,0.45396993282599196,1.1414625,1.1414625,1.1414625,0.0,0.4368031575917575,0.0,0.0,0.0,0.3923631870740039,0.0,1.1414625,0.9447151579156279,1.1414625,0.763077586475907,0.0,1.1414625,0.0,0.0,0.0,1.1414625,0.0,1.1414625,1.1414625,1.1414625,1.1414625,1.1414625,1.1414625,0.0,0.0,0.0
5,1.4988672e+18,1.4089463392083523,0.0001125,4.621340008983443,0.0,0.3712385628024755,30.396171423050472,0.0040875,2.1873147022903354,0.0,3.75e-05,4.062505275489629,0.8808440458453566,1.4469244888643724,0.8096444085688629,1.9243480172040672,0.0001875,2.265504312351287,0.0016,0.0015,0.0,4.939645186342994,5.54535126207889,4.374067718901938,0.0,0.0,0.0,3.2378606077605045,0.0,0.0,2.3514952221747465,4.8093428156793525,5.633489430270225,3.4492301888754016,3.663525956315075,2.100439745101055,0.7489409658383399,0.0,4.06065012619241,5.135689757192248,0.0,0.0,0.0,0.0,2.39416112914258,6.767932211878229,6.373258409693879,7.660954357636241,0.0,0.0,0.0,5.298751649177459,0.0,0.0,0.0,0.0
6,1.4989536e+18,1.5710774644294767,2.5436125,0.0,0.0,0.032775,5.08695,1.5904870400127058,2.543475,0.0,0.7173659199833884,0.0,2.543475,1.6835375,1.2610635645099462,2.543475,0.00035,2.543475,0.0,2.28672460579358,2.543475,0.0,0.0,2.543475,0.0,0.0,2.543475,1.7640124688471286,2.2663465987803586,1.0215982802375654,0.0,1.0930769008983638,2.543475,0.6934775910744888,0.0,0.540832490255372,2.543475,0.0,2.543475,0.0,2.543475,2.206535183107223,1.9606391395081513,1.7857556527008374,0.0,0.0,0.0,0.0,1.898953939134795,0.0,0.0,0.0,0.9457627773975389,0.0,0.798921883631634,0.0
7,1.49904e+18,0.39678759275445225,1.5057874999999998,0.0,0.0,1.3269811290512754,2.9002,3.75e-05,0.0,0.0,1.4501,0.0,1.4501,1.4501,0.0002125,0.0,0.0,0.0,0.0,1.4501,1.4501,1.4501,1.13097756985423,0.7195972087780703,1.4501,0.41200261073955646,1.4501,1.4501,1.4501,0.0,0.0,1.4501,1.4501,0.0,0.0,0.0,1.4501,1.4501,1.4501,1.4501,0.0,0.0,0.0,1.4501,0.7827562513148874,1.4501,1.4501,0.04431918134036686,0.0,1.4501,1.4501,0.2349372876581076,0.0,1.4501,1.4501,0.0
8,1.4991264e+18,0.07650425168905828,0.0,0.003025,0.7622875,0.762325,3.75e-05,0.7637875,0.0,0.0,0.7622875,0.7622875,0.7622875,0.7622875,1.524575,0.7622875,0.00015,0.21055755589221817,0.7622875,0.7190831719367491,0.0,0.0,0.0,0.7622875,0.7622875,0.7622875,0.762325,0.0,0.0,0.7622875,0.7622875,0.7622875,0.0,0.0,0.0,0.4733158292770215,0.7622875,0.0,0.0008618865525819106,0.7622875,0.0,0.7622875,0.7622875,0.7622875,0.0,0.0,0.7622875,0.0,0.7622875,0.0,0.7622875,0.7622875,0.0,0.0,0.7622875,0.0
9,1.4992128e+18,0.4945384699906996,0.0,1.2601125000000002,1.2583375,0.0,2.516675,1.2585875000000002,1.2583375,1.2583375,1.2583375,0.0,1.2583375,0.0,0.0,1.2583375,1.178678906375422,0.0,0.0,0.0,1.2583375,0.0,0.0,1.2583375,0.0,0.3662437704979058,1.258375,1.2583375,0.0,1.2583375,1.2583375,1.2583375,1.2583375,0.0,0.0,0.0,0.12145007791513865,0.0,0.0,0.0,1.2583375,0.0,0.0,0.0,0.0,1.2583375,0.0,0.0,0.0,1.2583375,0.0,1.2583375,0.0,1.2583375,1.2583375,0.8009103351597183
10,1.4992992e+18,0.8491375,0.8491375,0.000275,0.0,0.0,0.6332,0.8491375,0.8491375,0.8491375,0.0,0.0,7.5e-05,0.245325720927531,0.8491375,0.0,0.0,0.8491375,0.0,0.6015551215440695,0.0,0.8491375,0.0,0.0,0.8491375,0.8491375,0.0,0.8491375,0.0,0.8491375,0.8491375,0.8491375,0.0,0.8491375,0.0,0.0,0.8491375,0.8491375,0.8491375,0.8491375,0.0,0.0,0.8491375,0.0,0.0,0.8491375,0.0,0.8491375,0.8491375,0.709322823613346,0.8491375,0.0,0.8491375,0.8491375,0.0,0.0
11,1.4993856e+18,0.0,11.6527125,38.774325,3.3425911185808506,0.000175,0.8494875,0.0576375,0.0,0.0,3.75e-05,2.1623197876304805,3.3913098849678485,2.334520183746056,5.9611538760590115,3.0751845995503357,0.0,2.992978460282402,2.638532328823874,0.0,1.1830409741203292,0.0,0.0,0.0,3.516958665909863,7.457045190930952,0.0,0.0,5.436417984748198,0.0,1.5381537128543916,9.392122127159219,0.0,0.0,0.0,7.233052094885065,0.0,8.59960783457773,2.277303384894403,0.0,1.998692240774673,0.6974121268167592,2.066012456192506,0.0,1.5218618096758447,0.0,6.088762984121297,3.0707512927620955,0.0,0.0,0.6109708619686199,1.0643650800106785,0.39089467154515184,0.980123588269705,0.0,0.0
12,1.499472e+18,0.0,45.74445,1.9787875,4.867153365105758,0.0,6.412705250279942,0.22329598301769138,0.0,3.481592434207058,0.0,2.9136290208270994,5.7475,2.956182023025176,0.0,0.3420568264192042,4.0315015918319945,0.0,0.0,0.0,0.0,0.0,0.7737240325653225,5.768811745145268,0.0,0.0,1.382423785986585,4.162605006356102,0.0,0.632965333764319,0.0,2.643014819846566,0.4285211342551348,1.4406717434328757,0.0,0.0,0.8933686634906167,0.0,4.106478123989742,1.1219986266537365,0.0,0.6247279592024877,0.0,0.0,0.0,2.747406545391172,1.8343614491674904,0.0,9.435926358434717,0.0,1.426477717724786,0.0,0.0,0.0,8.720145781074416,0.4289894941562396
13,1.4995584e+18,0.0,3.7880875,50.3487875,7.5e-05,0.0,14.89922367482503,7.5e-05,0.0,7.072143642426016,2.262781457984369,0.0,0.6772747336515269,3.75e-05,0.0,0.0,0.0,0.0,0.0,0.0,4.5205999569497965,1.8082980334049998,0.0,6.455763294202531,0.0,0.0,0.5121982213665834,0.8146052822190509,4.596963026154719,0.0,0.0,0.7845650935933385,0.0,3.3942777534019766,0.0,1.65118905576171,2.3266060277528116,0.0,0.0,1.7700645496960032,4.3235501181273595,0.07025545018053884,0.6604675766637542,0.0,6.393562967695379,0.0,2.009910085879394,6.575642023186824,3.2215634477633075,0.0,5.43996160954908,0.0,0.0,3.5713341684930127,0.0,0.0
14,1.4996448e+18,0.0,5.154816691727573,0.0,0.0,0.0,8.282803838396346,0.0,6.7286125,6.514025573334755,0.0,0.0,0.0001125,5.4378875,4.611748592614015,6.7286125,2.1352532234426507,0.0,0.0,0.0,3.094902305931549,6.095748520330183,0.0,0.0,3.202463066844366,6.474171908274838,0.0,0.7443127955052858,2.229488205047077,0.0,0.0,0.0,5.066073651071548,0.4463556357622344,0.0,5.120540831194558,0.0,0.0,1.6638441255138021,0.0,0.0,0.41414861049526935,2.647335147279564,6.7286125,2.197850539002762,0.0,6.7286125,0.0,1.361520454017087,0.0,0.0,0.0,0.016782852671727678,0.0,0.6862134105499871,0.0
15,1.4997312e+18,0.0087875,0.0087875,0.0087875,0.0,0.0,0.0087875,0.008937500000000001,0.0087875,0.0,0.0087875,0.0,0.000175,0.0087875,0.0,0.0,0.0,0.0087875,0.000625,0.0,0.0,0.0087875,0.0,0.0,0.0087875,0.0,0.0087875,0.0087875,0.0087875,0.0087875,0.0087875,0.0087875,0.0087875,0.0087875,0.0087875,0.0,0.0,0.0087875,0.0,0.0,0.0087875,0.0087875,0.0,0.0,0.0,0.0087875,0.0087875,0.0,0.0,0.0087875,0.0,0.0,0.0,0.0087875,0.0,0.0
16,1.4998176e+18,0.0,0.0040625,0.0037125,0.0037125,0.0,0.0037125,0.0001875,0.0,0.0037125,0.0037125,0.0037125,0.0037125,0.0037125,0.0,0.0,0.0037125,0.0,0.000175,0.0037125,0.0,0.0,0.0,0.0,0.0037125,0.0,0.0,0.0,0.0037125,0.0037125,0.0037125,0.0037125,0.0037125,0.0,0.0,0.0037125,0.0037125,0.0,0.0037125,0.0,0.0037125,0.0037125,0.0037125,0.0,0.0037125,0.0037125,0.0037125,0.0037125,0.0037125,0.0037125,0.0037125,0.0,0.0,0.0037125,0.0,0.0
17,1.499904e+18,0.0005625,0.0,0.0005625,0.0,0.0005625,0.0005625,0.0006374999999999999,0.0005625,0.0005625,0.0005625,0.0,0.0,0.0005625,0.0,0.0,0.0,0.0,0.001125,0.0,0.0,0.0,0.0,0.0005625,0.0005625,0.0,0.0005625,0.0005625,0.0,0.0,0.0,0.0,0.0,0.0,0.0005625,0.0,0.0005625,0.0,0.0,0.0,0.0,0.0,0.0,0.0005625,0.0005625,0.0005625,0.0,0.0005625,0.0,0.0005625,0.0,0.0005625,0.0,0.0005625,0.0,0.0005625
18,1.4999904e+18,0.5792586162792034,1.64945,0.5570557611235535,0.571575,1.64945,0.269025,1.64945,0.0,0.0,0.0,0.3756672011373775,1.64955,0.0011875,0.6202375,1.64945,1.64945,1.6495250000000001,0.0,0.0,0.2214773528818352,0.0,0.0,0.0,1.1832844151210975,0.2568204853887241,1.64945,1.64945,1.64945,1.64945,0.0,0.0,1.64945,0.7866769205961862,1.2408544974265883,0.0,0.0,0.0,0.0,1.64945,0.0,1.64945,0.0,0.0,0.0,1.64945,0.0,0.4949235381970372,1.64945,1.64945,1.64945,0.0,0.0,0.0,1.64945,0.0
19,1.5000768e+18,4.8111082062585275,5.972354601437095,0.0,2.3079928223132953,1.707622947298278,0.5914714934484825,3.5252375000000002,3.488475,3.0594768814891196,0.0,0.0,3.6339306513301843,0.0,3.488475,0.0,3.431344698503471,1.7324518800051703,1.275449756394072,0.0,3.488475,0.0,0.2556943106604322,0.0,0.6472712258836298,0.0,0.0,0.0,3.488475,3.488475,0.0,0.0,0.0,0.9158715540723529,0.0,3.488475,1.3002931527065626,0.0,0.0,0.0,0.018210967266261015,0.0,0.0,0.0,1.1233611709758002,0.0,0.0,3.488475,0.0,0.0,0.0,0.0,0.0,0.0,2.147445073206444,0.0
20,1.5001632e+18,12.61583903592845,5.93259164219052,1.4033971234598583,1.4704835781515182,0.198025,7.395132287187415,2.188535723598851,0.0,7.110652030536185,0.0,0.0,9.0691,8.445177538555992,0.0,4.837212275064959,0.002675,4.44226263413209,0.0,0.0014625,0.021082739337246366,6.58016049092059,0.0,3.0301890838722128,0.0,0.0,0.0,4.539915393044164,0.800573642289261,0.0,0.19481731696000767,1.1011368504390235,0.0,0.0,0.0,0.0,0.0,5.747582790486192,0.0,2.2899802080959937,0.0,0.0,1.110829059538169,0.29303173428643914,1.337260655864377,0.0,3.1062492157058172,0.0,3.0909464336736274,0.0,0.0,2.112712789602671,4.4023171308916025,0.0,0.0,0.0
21,1.5002496e+18,5.0220125,7.56215,1.6367679862456304,0.0,2.101925149472998,3.1471875,6.9628125,0.9927998161674423,0.0,4.937801038578201,1.1644172937685573,3.4817937553756853,1.98295,0.0,0.0,0.1127875,0.0,0.0,7.56215,0.0,0.0,7.56215,0.0,5.07939285334742,0.0,1.7572614869301195,1.5935068983443368,3.5489508961779457,0.0,3.0290076043593235,0.8056495290791318,4.067932989546033,0.0,3.6985166295334766,0.0,0.0,4.722094489017313,2.965347496604508,4.925508940913101,0.0,0.0,0.7592051851041648,0.0,0.0,4.960982121572079,3.8687000163559055,2.985222568162756,0.0,0.16449406496766725,0.0,1.0898691657041117,0.5074543822408656,0.0,1.7759401004650177,0.28766330594249645
22,1.500336e+18,1.7748,1.683784923930534,1.7751875,0.0,1.7748,3.75e-05,1.7748,1.7748,0.0,0.0,1.7748,1.774875,1.7770249999999999,0.0,0.0,1.7748,1.7751249999999998,0.0,1.7748,1.7748,0.04217266129315014,0.0,0.43510041067929445,0.6546513809465794,0.0,0.0,0.0,0.0,1.7748,0.0,1.7748,0.39597871632999077,1.5555185525180335,0.0,0.0,0.0,0.0001375,0.0,1.4907950924635116,1.7393391610741538,0.0,0.0,1.7748,0.4958868600127039,0.0,0.0,0.0,1.7525826167868213,1.7748,0.0,0.0,1.7748,1.7748,1.7748,1.7748
23,1.5004224e+18,0.0,0.003625,0.0018125,0.0018125,0.0018125,0.0,0.0,0.0018125,0.0,0.0018125,0.0,0.0018125,0.0018125,0.0018125,0.0,0.0018125,0.0018125,0.0018125,0.0,0.0,0.0,0.0,0.0018125,0.0,0.0,0.0,0.0,0.0,0.0018125,0.0018125,0.0,0.0,0.0,0.0018125,0.0,0.0,0.0,0.0018125,0.0,0.0018125,0.0,0.0018125,0.0018125,0.0,0.0018125,0.0018125,0.0018125,0.0,0.0,0.0,0.0,0.0,0.0,0.0,0.0018125
24,1.5005088e+18,0.0,6.3839,3.19195,1.6514747046634706,2.5436933617658286,2.926075,0.0,0.0,0.0,0.0,2.594438013491666,5.478725,3.19195,2.1328118729548358,1.3700957596521328,1.0834903188011695,2.9321018630754647,0.0,3.19195,2.2189119409109694,0.0,0.0,0.0,3.19195,0.4515873826412615,0.0,0.0,0.0,0.0,0.0,0.9168333787346578,0.7079331141572881,2.159077706918647,0.0,1.0483249312085021,0.54850544621992,3.19195,0.0,0.0,0.0,0.0,2.008001846039687,0.0,3.19195,0.0,0.0,0.0,1.8853699354019418,3.19195,0.0,0.0,0.9541452640643594,0.0,0.0,3.0327245250667882
25,1.5005952e+18,0.0,4.86085,1.0015542896785445,0.6631503801931384,4.86085,0.179125,0.35815987278481193,0.0,0.0,4.030632188416911,4.86085,0.0001125,0.2257375,4.86085,0.0,1.3535408048460675,4.1147232280456505,1.411219385969581,0.0,0.5998790289211458,1.5983867476354348,4.86085,0.0,0.0,0.46985573995527535,2.976321735540092,0.0,4.197516769395157,0.48373922648206863,0.0,4.86085,4.172278525809072,0.0,0.0,3.993542512622587,4.86085,4.86085,0.0,4.376709899450177,4.86085,0.0,0.22758012180921713,0.0,4.055619660370362,0.0,2.232352050091524,0.0,0.5120517634182905,4.86085,4.86085,0.274820467118437,0.0,0.0,2.503782591360395,0.0
26,1.5006816e+18,1.5604125,5.100936107849719,13.712859857939861,2.4830664186391824,0.9308055972903536,1.8250744000914125,2.2403046878752186,4.185531777454689,0.0,7.535833543236284,0.0,10.9507625,7.5e-05,2.1472441494064105,0.0,1.5036803742888984,0.0,5.3142151668081965,7.92255998917831,0.7559,0.0910994435487542,0.0,0.0,0.0,2.4195990328977466,4.510523924701042,0.0,0.0,0.0,0.0,4.391493434757544,1.9005741965536687,0.37951485632940757,1.4808682336295949,0.0,0.0,0.0,0.0,0.0,0.0,2.141070326409251,0.0,6.291980468004094,3.79686521982589,0.0,0.0,0.0,0.0,0.0,0.0,0.0,0.0,0.0,0.0,0.0
27,1.500768e+18,3.079925,3.083325,0.0,3.079925,2.36637053354509,5.311536965669676,0.0002125,2.1445139747849096,0.0,0.0,0.0,0.0,1.7189173515062957,3.079925,0.0,0.43837499999999996,1.0792895747891191,0.3067566813485996,0.0,0.0,2.162028526816087,3.079925,0.0,0.0,1.1590367532956816,0.0,0.6714987954132443,3.079925,1.0679603459379605,3.079925,3.079925,0.0,3.079925,0.0,3.079925,2.2123411649408693,0.0,0.0,0.0,0.0,0.0,0.37692117664850855,3.079925,1.6461489482729963,3.079925,2.3308581170206186,0.0,0.0,0.6362324813562262,3.079925,0.0,0.0,0.0,0.0,2.664007516530473
28,1.5008544e+18,0.3968015301631708,0.981875,0.7069,0.0039625,0.7069,0.7069,0.00015,0.0,0.7069,0.7069,0.7069,0.0,0.0,0.7069,0.7069,1.4138,0.7069,0.0,0.7256874999999999,0.0,0.7069,0.7069,0.0,0.7069,0.7069,0.7069,0.7069,0.0,0.7069,0.7069,0.0,0.11162294571556032,0.0,0.7069,0.0,0.7069,0.0,0.0,0.0,0.4689471110265055,0.0,0.0,0.7069,0.0,0.0,0.0,0.007292260414201864,0.0,0.0,0.7069,0.7069,0.7069,0.7069,0.7069,0.0
29,1.5009408e+18,0.0,0.000675,0.0,0.0482,0.0482,0.0002125,0.00015,0.0482,0.0,0.0,0.0482,0.0,0.0488375,0.0482,0.0,0.0482,0.0,0.0,0.0,0.048275,0.0,0.0482,0.0,0.0,0.0,0.0482,0.0482,0.048275,0.0482,0.0,0.0482,0.0,0.0,0.0,0.0482,0.0482,0.0,0.0482,0.0482,0.0482,0.0,0.0,0.0,0.0,0.0,0.0482,0.0,0.0482,0.0,0.0,0.0,0.0482,0.0482,0.0482,0.0
30,1.5010272e+18,0.0,0.0007375,0.0,0.0,0.0,0.0009625,7.5e-05,0.0,0.0,0.0,0.0007375,0.0,0.0001125,0.0007375,0.0,0.0007375,0.0,0.0007375,0.0007375,0.0007375,0.0007375,0.0007375,0.0,0.0007375,0.0,0.0,0.0,0.0,0.0007375,0.0007375,0.0007375,0.0,0.0,0.0,0.0,0.0,0.0007375,0.0,0.0,0.0,0.0007375,0.0007375,0.0,0.0007375,0.0,0.0,0.0,0.0,0.0007375,0.0,0.0007375,0.0007375,0.0007375,0.0007375,0.0007375
31,1.5011136e+18,0.0,0.0,7.5e-05,7.5e-05,7.5e-05,7.5e-05,3.75e-05,0.0,0.0,7.5e-05,0.0,7.5e-05,0.0,7.5e-05,7.5e-05,0.0,7.5e-05,7.5e-05,7.5e-05,7.5e-05,7.5e-05,0.0,7.5e-05,7.5e-05,0.0,7.5e-05,7.5e-05,0.0,7.5e-05,7.5e-05,0.0,0.0,0.0,7.5e-05,7.5e-05,7.5e-05,7.5e-05,0.0,7.5e-05,0.0,7.5e-05,0.0,0.0,0.0,7.5e-05,0.0,7.5e-05,0.0,0.0,7.5e-05,7.5e-05,0.0,0.0,7.5e-05,0.0
32,1.5012e+18,3.75e-05,0.00125,0.0005125,0.000625,0.0,0.0007,0.0006625,0.0,0.000625,0.0,0.0,0.0,0.000625,0.000625,0.000625,0.0,0.0,0.000625,0.0002875,0.0,0.000625,0.0,0.0,0.000625,0.0,0.000625,0.000625,0.0,0.000625,0.0,0.0,0.0,0.000625,0.0,0.000625,0.0,0.0,0.0,0.000625,0.000625,0.0,0.000625,0.000625,0.0,0.000625,0.000625,0.0,0.000625,0.0,0.0,0.0,0.0,0.000625,0.000625,0.0
33,1.5012864e+18,0.4275,0.42767499999999997,0.0004875,0.4275,0.4275,0.831075,0.4275,0.0,0.4275,0.429375,0.0,0.0,0.0,0.4275,0.0,0.4275375,0.0,0.0,0.0001125,0.0,0.4275,0.0,0.4275,0.4275,0.0,0.0,0.4275,0.4275,0.4275,0.0,0.4275,0.0,0.0,0.4275,0.4275,0.4275,0.0,0.4275,0.4275,0.4275,0.0,0.0,0.0,0.4275,0.0,0.4275,0.4275,0.0,0.4275,0.0,0.0,0.4275,0.0,0.4275,0.4275
34,1.5013728e+18,0.4207,0.0002375,1.417675,1.417675,0.0,2.4867078094906168,1.4202125,1.417675,0.0,0.00025,1.417675,3.75e-05,1.41775,0.0,0.0906385686044196,1.4177125,0.0,0.0,3.75e-05,1.417925,1.417675,1.259259258323573,0.0,1.417675,0.21421101863015934,1.417675,0.0,0.07788102394996868,0.0,0.0,1.417675,0.0,0.0,0.0,1.417675,0.0,0.0,1.417675,0.0,1.417675,0.0,0.0,0.1939581737313351,0.9268635823841568,0.6767078625967794,0.0,0.4565017132059213,1.417675,1.417675,0.0,0.0,0.0,1.417675,0.0,0.0
35,1.5014592e+18,0.87055,4.42475,16.474149977706865,0.0,4.579093175931972,1.3816625,1.0816828381302428,0.0,7.40901381661954,7.020078816830345,0.0,2.8187729477981027,0.0,3.7304822702375726,4.793605156183924,0.0067,7.002821282287423,0.31128646551309624,0.0,2.2422125,0.0,0.0,0.0,0.8499130795428745,0.0,4.9421080721732125,7.6768647200574405,0.0,0.0,0.0,5.372987416261465,0.0,0.0,1.5098594481915606,0.0,5.832226677295532,0.0,0.0,1.1859094723689525,0.0,6.788481813635439,6.006734607718096,1.9138947800930002,1.1057324259796282,5.950718452294769,0.0,0.07247953081139462,0.0,0.9740175763840212,4.889169876986388,4.889566351880888,6.497602206718616,3.429031428528954,0.4401804341413102,7.094949357615651
36,1.5015456e+18,3.046875,3.353025,0.0,3.046875,1.5196760280008013,0.0,7.5e-05,1.143255231676485,0.0,0.0026375,3.046875,0.0,3.046875,0.0,1.1966053407238968,0.0248625,3.046875,0.0,2.8377995969997367,3.046875,3.046875,0.0,0.0,0.2991375,0.0,0.0024,0.0,3.046875,0.0,3.046875,0.051003490305289854,0.0,0.0,0.0,3.046875,0.0,0.0,0.0,3.046875,0.0,3.046875,0.31155489141493065,0.0,0.0,2.3212649916835058,1.3003494050848758,0.934405942832339,2.2277960239985104,0.0,3.046875,3.046875,0.0,0.0,0.0,0.0
37,1.501632e+18,9.2284375,1.4542187603601249,0.0,5.1608947817387785,3.407618015569532,3.133257290336973,0.0,6.147998896976414,0.0,8.99277314602792,0.0,0.0,8.064400773744959,2.826959001539324,4.264156400782219,8.519732517022227,0.6841244164633159,0.0,3.3866989772219926,0.8277626181709155,9.2284375,3.8325986650874317,3.7703286175254296,0.0,2.2600365716092603,0.0,0.7880005160243307,0.0,0.0,0.0,1.644825087383763,5.500449285072453,5.580185137917131,0.39814565052610074,0.0,3.2873014636092486,0.0,0.0,0.0,0.0,6.270617465361604,2.713964866923677,2.9101816741351856,0.0,4.44518987476308,0.0,4.4536252573495165,1.4776368205051367,2.102030403400512,4.690725660342408,2.077414499818039,0.9562569340774849,2.583455267636102,1.8631285841743632,0.0
38,1.5017184e+18,9.9747625,4.488869895925826,2.794861906450902,0.0,0.0,0.0,0.0,0.0,0.4202578046464529,2.8306538361314773,4.878961220535934,0.0,3.2105460568849056,0.0,0.0,4.87303892516147,2.364119096958099,0.0,0.0,5.237505475417241,6.411408229244232,0.0,9.05201145644883,0.0,9.9747625,1.0073927877358586,0.0,0.0,1.7683097347116232,0.0,0.2413078464303103,0.0,0.0,5.211226954525892,0.0,0.0,9.9747625,0.18206306836788347,0.0,0.0,0.0,0.0,4.595389945543847,2.1205237635187903,0.0,0.0,1.7491078375374984,0.5772931146356262,4.201478477131647,0.0,2.3449440343606,3.0610982341910256,4.124258509624519,0.0,0.0
39,1.5018048e+18,0.0,0.002725,0.0018125,0.0,0.0018125,7.5e-05,0.0018125,0.0018125,0.0018125,0.0018125,0.0,0.0,0.0018125,0.0,0.0018125,3.75e-05,0.0018125,0.0,0.0018125,0.0,0.0018125,0.0,0.0,0.0018125,0.0018125,0.0018125,0.0018125,0.0018125,0.0018125,0.0,0.0018125,0.0018125,0.0,0.0018125,0.0018125,0.0018125,0.0018125,0.0018125,0.0,0.0018125,0.0018125,0.0,0.0,0.0,0.0,0.0,0.0018125,0.0018125,0.0018125,0.0,0.0018125,0.0,0.0,0.0018125,0.0018125
40,1.5018912e+18,0.0,0.0007375,0.0012125,0.0,0.0,0.0,1.6432961213126307,4.994673293985482,0.0,9.12473325375374,0.0,0.0,0.0,0.0,0.0,5.254816770390963,0.0,0.0,5.2614875,0.0,0.0,0.0,0.0,0.0,0.9341394602300662,2.3617603584645446,1.8971643009545875,3.75e-05,2.0217017917330953,0.0,3.9561839084057904,3.5561357466580223,1.2509442283478642,0.0,0.0,1.258476317888777,0.0,1.0964029606962509,0.0,0.0,3.021861320854123,4.394405192749717,0.0,5.2614875,0.0,2.121292442663801,3.3071730438313356,1.6149279345567595,0.0,0.43231945972989005,4.693652579349448,0.0,0.0,5.2614875,5.2614875
41,1.5019776e+18,4.4812125,1.541354968393804,1.7493947101481617,0.0002125,0.0,0.0,0.0,0.6835106304519984,0.00285,4.4812125,0.2651315372982838,0.0,1.4240198006084501,4.4812125,0.0,0.0,0.0,2.9344209097085217,0.7989631759153014,0.0,0.0,0.0,0.0,0.0,0.0,0.08625,0.0,0.0,0.0,0.0,4.4812125,3.0326629680356376,0.0,0.0,4.4812125,0.0,0.0,1.6869907250001595,3.4910462793586836,3.1146625384051734,0.0,4.4812125,0.41380065654147297,0.0,0.0,0.1867455952586959,4.4812125,0.0,0.5133973908107542,0.0,0.0,4.233790123066651,0.0,0.0,0.0
42,1.502064e+18,0.0,0.0533375,0.052325,0.052325,0.0,0.052325,0.0,0.0,0.00295,0.052325,0.0,0.05113730970945892,0.00025,0.052325,0.052325,0.0,0.0015625,0.052325,0.052325,0.0,0.0,0.052325,0.052325,0.052575000000000004,0.0,0.052325,0.0,0.052325,0.052325,0.0,0.052325,0.0,0.0,0.052325,0.052325,0.052325,0.0,0.052325,0.052325,0.052325,0.052325,0.0,0.052325,0.052325,0.0,0.0,0.019333489763250198,0.052325,0.0,0.052325,0.0,0.0,0.052325,0.052325,0.0
43,1.5021504e+18,6.3275289557116885,0.0,0.0,8.6860875,6.829338173730294,0.0,0.0,0.15667663167996454,0.0001875,0.0,0.0,0.646225,0.0110875,0.0,0.0,0.0,6.062206137410981,0.0,0.0,0.0,3.7319907661226086,0.0,0.0,2.5414212506499534,1.4707807774772714,0.0198875,1.7146763386884745,0.906621880118404,3.75e-05,3.1820253568910806,4.477084180852334,6.691695651889636,0.0,0.604095966273833,0.0,0.06641849599178916,0.0,0.0,0.0,0.0,0.0,3.618445399768483,0.0,3.5444663660528217,2.355586899601231,0.0,1.493108518337424,0.0,0.0,0.06633822822973234,0.8574566486203836,0.0,4.888226992175928,0.9610963081262957,0.8372976228451317
44,1.5022368e+18,19.074837709989104,2.4002198766961476,6.52807250784463,9.461559844792687,6.277477562929664,0.0,0.0,0.0,0.0,0.0,0.0,4.8840849792695336,2.3816527399366842,3.159807910235526,1.390213415257619,1.2839510598466275,1.1137462536673974,5.951183714301896,0.6414053283281174,0.453377517452191,1.3011423665945325,0.0,0.5300438519985445,0.0,0.0,0.2374804209828173,0.0,1.9433304421048343,0.0,3.389537218155199,0.0,0.0,0.0,0.0,0.43069329386614,4.015339626548554,0.2468927577540476,0.25991404927990214,0.0,0.0,0.0,2.937596270029251,5.240297323400167,0.0,0.0,5.336413325639511,0.0,0.0,0.0,1.1934209969698384,0.0,0.0,0.13156875129310502,3.0577454508038757,4.232655039078893
45,1.5023232e+18,0.0,3.75e-05,3.75e-05,3.75e-05,0.0,3.75e-05,3.75e-05,0.0,0.0,3.75e-05,0.0,3.75e-05,0.0,3.75e-05,0.0,3.75e-05,3.75e-05,0.0,3.75e-05,3.75e-05,3.75e-05,3.75e-05,3.75e-05,3.75e-05,3.75e-05,3.75e-05,3.75e-05,0.0,3.75e-05,0.0,0.0,0.0,3.75e-05,0.0,3.75e-05,0.0,3.75e-05,0.0,3.75e-05,3.75e-05,3.75e-05,0.0,3.75e-05,0.0,3.75e-05,0.0,0.0,0.0,3.75e-05,3.75e-05,0.0,3.75e-05,3.75e-05,3.75e-05,3.75e-05
46,1.5024096e+18,0.0001,0.0001,0.0001,0.0,0.0001,0.0001,0.0,0.0001,0.0,0.0001,0.0001,0.000175,0.0001,0.0,0.0,3.75e-05,0.0,0.0,0.0001,0.0001,0.0001,0.0,0.0,0.0001,0.0001,0.0001,0.0001,0.0001,0.0001,0.0001,0.0001,0.0,0.0001,0.0,0.0,0.0,0.0001,0.0001,0.0,0.0001,0.0001,0.0,0.0001,0.0001,0.0,0.0,0.0001,0.0001,0.0001,0.0,0.0,0.0001,0.0001,0.0001,0.0001
47,1.502496e+18,27.39562945193595,0.0,0.0,0.0,0.0,0.6398109240565405,0.07625343650470164,3.938330431368276,4.293313392897976,0.0,2.7589134717998958,0.0,2.1951313084306245,2.6570554297181395,3.8268407104288844,0.0,4.9067236689731155,6.009249969207956,0.0,0.7719343187510467,0.0,0.0,0.0,0.0,3.2641711271398366,0.0,0.10539993991572376,1.6571763028464956,1.572329600831566,0.0,0.0,6.587173060220993,0.0,0.0,0.0,0.0,0.47190372646801154,5.917588828326803,1.7502696598207728,0.0,4.43914500701409,2.048202229640413,0.0,0.0,0.0,0.0,4.145011818385789,5.088630821905971,0.3051226728561844,0.0,1.452251457684125,2.4521174199038556,0.0,0.0,0.5463411991568811
48,1.5025824e+18,34.428825,0.1309163033498098,0.26307091574684544,47.45944240542278,5.846042595767306,1.836864455690967,3.1480556482824653,2.7437218219873247,0.579,3.416576615423945,7.862113049708673,0.0,7.5e-05,4.768226736266072,0.4492303372858356,0.9726375,3.5020481921498274,0.0,0.0,0.0,0.0814317962185484,0.0,3.9691097083162252,0.1644853204295249,5.533746421708695,0.0,0.0,0.0,0.4814798734882973,0.23551879271961698,4.067446514751686,4.512072393082163,4.478522225762928,0.0,0.8752156894041881,2.6274201964604256,0.0,0.0,0.6653278388125234,5.745652868093108,0.0,0.0,0.0,6.055469423661906,2.3221466387578245,4.668159814797218,1.8594917678941087,0.0,5.196891598744708,0.0,0.0,0.3009480489739732,2.476326037880985,0.0,5.847711249606219
49,1.5026688e+18,8.675046506379148,1.277103476417967,0.0,34.9775,4.567348009336928,1.7476375,0.0,5.02217896415305,0.4091375,0.0,0.0,0.0208375,0.0,0.0,9.049068134859086,5.124353915348501,1.6871261441063359,0.9100946264760109,2.6240521397040335,0.0,0.0,0.0,0.27907252846093544,0.0547625,0.0,1.4756273668853488,3.084224523822915,0.0,0.0,0.0,4.686353306603183,0.0,0.0,1.3947287188752548,0.2078553833241022,0.0,0.0,0.0,3.855069992934328,2.411971479358035,0.0,5.808414105017088,0.0,0.0,0.9214033575593857,4.538823659394294,0.0,0.0,0.0,5.139972455806622,0.0,0.0,2.9525022020336107,0.0,0.0
50,1.5027552e+18,64.1897625,0.8007842681612782,0.0,13.911900675245212,0.0,0.868825,4.097984004064416,0.12106338830451743,0.0,0.1496875,0.0,0.7631453375099914,5.609014187967205,1.838179517671465,0.0,0.0903125,3.193929666937211,0.6593427875371466,2.7371614011175205,0.0,3.451781362510604,0.5277033589941013,0.0,0.008825,1.71065392021895,0.0,0.0,0.0,7.815095410304219,5.534816161752846,0.0,6.824414735981008,0.0,0.0,0.0,4.17316546483045,4.734617332285512,0.0,0.3870103683031816,1.111507686410758,0.0,1.2671854060576018,2.181578999778026,0.02205887936246238,0.0,0.0,0.5903027281715357,0.0,0.0,1.7296382574070153,5.077194659291946,0.0,0.0,0.0,0.0
51,1.5028416e+18,112.7875,0.0,3.4357604005919353,0.9600874760915808,0.027017187159898204,0.0,0.09138973303149284,0.0,1.7249258357705095,0.0,0.0,0.0,1.2620116480164554,0.0,1.4082111308969107,0.0,0.0,0.0,1.1632508783253859,0.0,0.20824824973944586,4.13866143567727,1.049499544210159,5.77252564022564,0.329350301785546,3.7745404673320384,0.0,0.31631456220763765,3.9218523808524397,7.191085635738687,0.0,0.0,0.0,1.8832256528571027,0.0,0.0,0.0,2.9014459245364064,0.0,4.121742284401313,2.2504859064110847,0.0,6.010149849308933,0.0,2.346071800335521,0.0,0.0,0.0,0.0,4.76188155482686,6.990974163036441,0.0,0.0,0.0,1.859310501540677
52,1.502928e+18,125.89589170456,0.0,2.397242899059186,0.0,1.440285560726241,2.437123697876608,3.678947379742565,0.0,0.0,0.0,0.0,0.0,0.0,0.0,5.6632285276646535,6.2473493498365205,0.0,0.0,2.5079278269657275,0.0,0.0,0.0,1.4978142131637702,0.0,5.136691091107921,4.132630017365516,1.9377167653963148,0.0,0.0,0.0,4.159904104494724,6.772204673914007,0.0,0.0,2.0919435148042873,0.0,0.0,0.8791850651492836,1.2374192294246475,0.0,4.300157225250842,0.0,0.0,0.0,0.0,1.713162908329844,1.5612597991898272,1.3962370525526535,0.0,0.7123602657398201,0.0,0.0,0.0,2.970836500076966,5.596125380467589
53,1.5030144e+18,124.861175,0.717225,0.0,4.1552920374538695,0.0,0.0,1.8430876345445768,0.0,12.210476789472185,6.118206173496033,0.0,4.827416672454676,5.233907164045048,0.0,0.0,0.0,0.7270819114032451,0.0,5.429365703494149,4.352521276206575,0.0,4.251828844857729,1.6655233716997295,5.042773697557013,0.0,0.4895109844464327,0.23376072148938917,1.0993913675137463,0.0378875,4.811603162026057,0.0,0.0,0.0,4.828586496353432,0.0,0.0,0.24356349882394007,0.0,0.0,0.0,0.3604676328394835,6.525104092636757,0.0,0.0,0.0,0.0,0.3419151995874091,0.0,0.0,0.0,3.199914547652104,7.1363174727959935,1.5474056892684502,1.9340456442981557,2.568840063983998
54,1.5031008e+18,122.60997912653815,1.408729704572676,2.5005735116268015,0.0,0.0,0.0,1.6987970560481276,0.0,4.419962546099033,3.0946019264758204,0.4621335475998442,3.75e-05,10.483245876197127,0.0,0.0,0.0,0.0,9.656867561656957,1.3596617755716578,2.5967680964774567,0.0,0.19713944469029193,1.5357177963017927,2.3883620742751326,1.472713689199178,0.0,0.0,0.0,6.678504825282021,11.194325664020326,0.0,0.0,0.0,0.0,0.0,0.0,0.0,4.98483510139475,0.0,1.392016933247531,0.0,0.950235028187719,3.3707381329808803,1.5838748464929007,4.543551355006949,4.571841955436807,0.0,0.0,2.4542063913105094,0.0,1.6104865816032223,0.4097969196879622,0.0,0.0,1.6395906812839975
55,1.5031872e+18,17.725064440905896,0.0,0.0,90.0588384253027,0.0,0.9792375,4.607123192454122,0.0,3.043235625913026,0.0,3.0209256978719417,0.0489875,0.19180119763926587,0.0,0.0,1.3331094843909348,0.000525,0.9682270757401255,0.0,0.0,0.0,3.1445413145806613,1.271695401519567,0.0,4.058248212232106,0.0,3.5000793968805164,0.0,0.0,0.0,0.0,0.0,0.0,4.078252988199195,0.0,0.0,12.54994240981558,1.405517158733357,2.706952556592165,2.5006905893637628,0.0,6.5910382329158415,0.0,0.0,0.0,0.0,12.373616643699192,0.0,5.235917282357755,1.3036640055385484,0.0,1.8957268115092807,0.8787037756363447,1.343048007135157,3.8855640995753116
56,1.5032736e+18,3.75e-05,0.0,0.0,0.0,0.0,3.75e-05,3.75e-05,3.75e-05,0.0,3.75e-05,0.0,0.0,3.75e-05,3.75e-05,0.0,3.75e-05,3.75e-05,0.0,0.0,3.75e-05,0.0,3.75e-05,3.75e-05,0.0,0.0,3.75e-05,0.0,0.0,0.0,3.75e-05,0.0,3.75e-05,0.0,0.0,3.75e-05,0.0,0.0,0.0,0.0,0.0,3.75e-05,3.75e-05,0.0,0.0,0.0,0.0,0.0,0.0,0.0,3.75e-05,3.75e-05,3.75e-05,3.75e-05,0.0,3.75e-05
57,1.50336e+18,0.7835327732171842,0.0,0.0,10.008235373451363,4.968514744133724,2.610431811343932,6.0788625000000005,0.001175,3.738158834834996,0.0,2.2885910039765527,1.487385945604431,5.716413881732069,3.3051039230128727,0.0,1.2175780997019514,2.528687914958296,0.14646514200170058,0.0,0.0,0.0,1.6051094861968886,0.0,0.0,3.128354344399875,4.813124323814409,0.0,1.5149835703147938,6.0610125,0.0,1.255642709776126,0.0,0.0,1.1646230706250578,3.9076618223637625,0.0,0.0,0.5970960273556791,0.0,0.0,0.0,1.6303676290176932,1.2679659609124156,0.0,0.0,6.0594875,3.6429212232243677,0.5820768616324914,6.0594875,0.0,2.589082645894104,3.957123539264124,0.0,0.0,5.240772957712426
58,1.5034464e+18,0.0,0.0,0.0,0.0,0.0,0.0,0.0,0.0,0.0,0.0,0.0,0.0,0.0,0.0,0.0,0.0,0.0,0.0,0.0,0.0,0.0,0.0,0.0,0.0,0.0,0.0,0.0,0.0,0.0,0.0,0.0,0.0,0.0,0.0,0.0,0.0,0.0,0.0,0.0,0.0,0.0,0.0,0.0,0.0,0.0,0.0,0.0,0.0,0.0,0.0,0.0,0.0,0.0,0.0,0.0
59,1.5035328e+18,0.0001375,0.0001375,0.0001375,0.0,0.0,0.0001375,0.0001375,0.0001375,0.0001375,0.0,0.0,0.0001375,0.0,0.0,0.0,0.0,0.0001375,0.0001375,0.0001375,0.0001375,0.0001375,0.0001375,0.0001375,0.0,0.0001375,0.0,0.0001375,0.0001375,0.0001375,0.0001375,0.0001375,0.0001375,0.0,0.0001375,0.0001375,0.0001375,0.0001375,0.0,0.0001375,0.0001375,0.0,0.0,0.0001375,0.0,0.0,0.0001375,0.0,0.0001375,0.0,0.0001375,0.0,0.0,0.0001375,0.0,0.0001375
60,1.5036192e+18,1.8284,0.0002125,0.0004875,1.8284,1.8284,3.75e-05,1.8381125,3.6568,1.8284,0.0,0.0,0.0,1.8284,0.0,0.0,0.0,1.8284,1.8284,0.0,1.8284,0.0,1.8284,0.0,0.0,1.4173984679157596,0.0,1.8284,0.0,0.0,0.0,1.8284,0.0,0.0,0.0,0.5507149356364996,0.0,1.8284,0.0,0.0,1.8284,0.3217681570614772,1.8284,1.8284,0.0,1.7399209678526364,0.0,0.0,1.8284,0.9575593191723751,0.45241418700377894,0.0,1.8284,1.8284,0.0,0.0
61,1.5037056e+18,0.0,0.0030625,0.0032375000000000004,0.0,0.0,0.0027875000000000005,0.0027500000000000003,0.0027500000000000003,0.0027500000000000003,0.0001875,0.0,0.0027500000000000003,0.0027500000000000003,0.0,0.0027500000000000003,0.000175,0.0027500000000000003,0.0,0.000275,0.0,0.0027500000000000003,0.0027500000000000003,0.0027500000000000003,0.0027500000000000003,0.0027500000000000003,0.0,0.0027500000000000003,0.0027500000000000003,0.0027500000000000003,0.0027500000000000003,0.0027500000000000003,0.0,0.0,0.0,0.0,0.0,0.0,0.0,0.0027500000000000003,0.0027500000000000003,0.0,0.0027500000000000003,0.0,0.0027500000000000003,0.0,0.0027500000000000003,0.0,0.0027500000000000003,0.0,0.0027500000000000003,0.0027500000000000003,0.0027500000000000003,0.0027500000000000003,0.0027500000000000003,0.0027500000000000003
62,1.503792e+18,0.0,0.001075,1.4784,0.0,0.0,0.0,3.75e-05,0.0,0.1552369793266989,0.10976531248710333,0.1005125,1.4784,0.0,1.4784,1.4784,0.13592561957787477,1.0484979048348837,0.0,1.4784,1.4784,0.0002125,0.0,0.8713218184497765,1.4784,0.0,1.4784,0.0,1.4784,1.4784,1.4855125,0.0,1.4784,0.0002125,0.5810496109963851,0.0,1.4784,0.8574827867958977,1.4784,0.0,1.4784,0.0,0.0,1.4784,0.0,0.0,0.0,0.0,1.4784,1.296830409688015,0.0,1.1316068971184996,1.4784,1.4784,0.0,0.0
63,1.5038784e+18,0.0,30.13295,12.6066,5.290392439391492,35.94495549670633,2.0657900509891167,0.0,2.231253335754131,1.0580140372258724,0.0,3.5466375,1.6913160964663014,1.2512105755564122,0.0,3.557135211377533,0.209825,0.0,0.0,5.716607067193089,0.0,0.0177375,1.5872625,5.3525652459135875,6.543948371391289,5.155908405904782,3.341500684609342,0.0,8.362938858524217,0.0,0.0,0.0,9.197951306091031,4.523490344492683,1.7582408730943935,0.0,4.08936549336193,0.0,0.0,0.0,0.0,7.498381716310068,6.128053057623028,5.62131351488842,10.939364137875085,4.150787918317964,4.069465885335299,0.0,1.0893244655086733,1.154683570871155,0.0,4.69709050144511,0.21899794298714198,1.9466257273614744,4.520126847538715,0.41115062762310683
64,1.5039648e+18,0.490975,11.0515625,7.5e-05,0.0,86.27507930430816,7.5e-05,0.0,0.0,0.3101953939841397,6.782511757370525,0.7054875,4.629525858295454,0.01844708960858013,2.4969180354677465,2.599623851218012,0.9826395800352947,2.7654963665190095,0.05025997065762778,0.047325,0.3980112341728104,0.0002125,2.303917667374039,3.2849018597826927,1.1509086703821207,0.9084375,0.0001375,1.221807881988531,0.0,0.0,0.0,0.0,0.0,4.278679967033151,7.41824936424216,1.7754614949498935,5.351988263861638,4.9486526971727836,2.272450560809126,3.0165942426719177,5.043393728217026,0.23004905125288194,0.0,0.0,0.0,3.2277446600867434,0.4121252410436208,0.48460874187749725,0.0,0.0,0.0,1.2360621389564876,0.0,3.3312448685072407,0.0,0.9178911207949438
65,1.5040512e+18,0.0,17.074555889667817,0.0,0.0,23.1531875,1.7974052237922016,1.6629553061651259,0.0,0.0,0.8787367168363193,0.0001,0.0,0.0,0.0,6.095043536467136,0.0,0.27442469772415407,3.913370164765205,0.0,0.0,0.9767403217321053,3.0929541155285865,4.840746518587151,0.0,0.0,0.0,7.278564929510644,0.0,0.0,0.0,0.0,0.0,1.0708519118982465,0.0,1.3243951018046192,0.0,0.0,0.0,0.0,0.0,0.0,0.0,11.764986334407853,0.0,0.0,0.0,0.0,0.0,0.0,0.0,0.0,4.086983071637116,2.5461016596284693,3.7439495914168317,0.0
66,1.5041376e+18,0.0,7.5e-05,7.5e-05,0.0,7.5e-05,7.5e-05,7.5e-05,7.5e-05,7.5e-05,7.5e-05,0.00015,7.5e-05,7.5e-05,0.0,7.5e-05,7.5e-05,0.0,7.5e-05,7.5e-05,0.0,7.5e-05,0.0001125,0.0,0.0,7.5e-05,7.5e-05,0.0,0.0,0.0,7.5e-05,0.0,0.0,0.0,0.0,7.5e-05,0.0,0.0,0.0,0.0,0.0,0.0,0.0,0.0,7.5e-05,7.5e-05,0.0,0.0,7.5e-05,7.5e-05,7.5e-05,0.0,7.5e-05,0.0,0.0,7.5e-05
67,1.504224e+18,0.681675,0.0033375,0.0002375,0.3408375,0.0,0.3408375,0.0001375,0.3408375,0.0,0.3408375,0.00115,0.3408375,0.3408375,0.0,0.0,0.0,3.75e-05,0.3408375,0.3412625,0.0,0.3408375,0.3408375,0.3408375,0.0,0.0,0.3408375,0.0,0.0,0.0,0.0,0.0,0.0,0.0,0.3408375,0.3408375,0.0,0.3408375,0.0,0.0,0.0,0.3408375,0.3408375,0.3408375,0.3408375,0.3408375,0.0,0.3408375,0.0,0.3408375,0.0,0.3408375,0.0,0.0,0.3408375,0.3408375
68,1.5043104e+18,0.35386249999999997,0.3578,0.0001125,0.353475,7.5e-05,0.0,0.3535125,0.0,0.0,0.0,0.000375,0.353475,3.75e-05,0.0,0.0,0.353475,0.35364999999999996,0.353475,0.353475,0.0,0.0,0.353475,0.353475,0.353475,0.0,0.353475,0.0,0.0,0.0,0.353475,0.353475,0.353475,0.0,0.353475,0.353475,0.000175,0.0,0.0001375,0.0,0.0,0.0,0.0,0.0,0.0,0.0,0.353475,0.0,0.353475,0.353475,0.353475,0.353475,0.0,0.353475,0.353475,0.353475
69,1.5043968e+18,3.7139960520995903,1.0583422126125275,3.128592063570327,0.0,17.136425,0.0,5.081868820209983,0.0,0.394525,0.0,3.022827313714065,3.074595492592476,3.75e-05,4.7783916134968765,0.0,0.0,5.057608150854295,4.074074940745513,4.365444346920702,0.1998274959261567,0.0,0.0,0.0,6.1259963216998345,5.640385496077777,6.45913694112544,6.542376157021127,0.0,0.2704041665042629,0.0,0.0,3.9031361777907114,0.0,7.609428016370907,2.6572199821893334,0.0,0.0,0.0,0.0,1.229718293112427,0.0,0.0,6.880207124316706,0.0,0.0,3.130967029612125,0.0,6.641091692432838,0.0,2.6069458566889403,2.3372166655358217,0.014500737454334226,2.4115401451285305,0.0,1.998521847305258
70,1.5044832e+18,6.2635656216556725,4.918089439465625,2.846425,0.0,5.067225,0.0,1.861837969396361,8.8604125,0.0,0.0,0.0409375,0.0,0.0014625,0.0,0.0,6.595080015117624,4.94029481547391,0.39052377765286705,2.9700375,0.0,0.0,0.9466089462501293,0.0,2.833997835009235,2.38917808059697,0.0,0.0,3.364052430919319,0.0,0.0,1.755863392766966,2.421175689976694,0.0,4.576085141976776,3.9912218158654365,0.0,0.0,0.15896376079850333,0.0001125,5.125624432650142,2.8769640245499217,0.0,1.5261107441775121,2.08653202750412,0.0,0.0,0.0,0.0,0.0,0.6307295959271293,1.6442470832802725,1.2806748207150538,0.0,0.3099116132150026,7.5507073464633185
71,1.5045696e+18,0.1303125,2.33365,3.5384,3.5384,3.5384,3.5384,0.484186136629783,0.0,0.0,3.5384,3.5384,2.373880919636884,3.538475,1.2078618608487408,0.0,3.5384,0.0,3.356770957399968,2.213389192839661,3.3457647701236537,0.9002452184532793,2.745752506960805,0.0,0.0,1.4811537412073317,0.0,0.2609262954937484,3.5384,0.0,3.5384,2.43215228907729,3.5384,0.9535913317145608,3.5384,0.7865542229806856,0.3638458468540708,1.0799173156520736,0.0,3.5384,3.5384,0.0,0.0,3.5384,0.0,3.231042294640748,3.5384,0.0,1.5403761423442532,0.0,0.0,0.0,0.0,0.0,0.0,3.5384
72,1.504656e+18,6.407308484817736,13.452413239365333,12.37747734051813,1.5245664398972616,0.0,0.0,6.901256800787186,0.0,0.0002625,0.0,0.1928125,0.0482375,2.068476393412611,0.0,0.0,0.0,0.48136346575943506,5.133582268989802,0.0,3.0132552090682947,0.0,0.0,3.4995289172838837,0.0,1.3098667366387968,2.2982850758109965,0.4416908089473075,0.0,0.0,2.648127425852381,0.0,0.0,0.0,2.155280938118749,0.0,0.0,0.0,0.0,0.0,0.0,0.9277007287672833,0.0,0.0,0.0,0.0,1.8105139543252509,0.5991461901378938,0.6733336815648848,0.0,0.0,5.686036590509775,1.5242085750107262,0.0,7.219947101656309,0.0
73,1.5047424e+18,0.0,13.011821773828794,8.799175292716132,0.0,0.0,0.0,0.0,0.0,4.523107592947808,0.0,0.0,0.044275,6.57864106838635,2.7358018104298023,0.0,0.0,0.0,6.259327195611744,0.0,7.747163461902196,0.0,6.600043987389387,0.0,0.0,1.851629256727374,1.5757958885700518,6.278879917453258,4.11384953344012,3.1482251533231578,1.805534607982946,0.0,0.0,0.0,3.051077169729811,0.0,8.1812756156776,0.0,7.688309557789241,4.32497541147283,2.937354924525053,0.0,1.133860839995932,0.0,1.9517381553453887,1.0321063651790359,1.8513406702836932,4.9657440031588935,2.061405211166267,0.0,4.945960641247207,0.0,0.0,3.0715724101746376,0.0,0.0
74,1.5048288e+18,1.0604054453451557,0.9589000000000001,0.32225000000000004,0.853025,0.9849625000000001,0.853025,0.0051694551981212155,0.0,0.0,0.47769781342390866,0.7719125,0.853025,0.0,0.853025,0.0,0.853025,0.0,0.0,0.0,0.0,0.0,0.8561625,0.0,0.853025,0.0,0.853025,0.0,0.0,0.0,0.0051375,0.853025,0.853025,0.22728369280695926,0.0,0.853025,0.853025,0.0,0.0,0.853025,0.0,0.853025,0.0,0.0,0.0,0.0,0.0,0.853025,0.853025,0.853025,0.0,0.0,0.0,0.0,0.0,0.0
75,1.5049152e+18,3.44615,16.96694085117179,20.59015,0.6730621759742675,5.275652470535821,0.0,0.0,0.0,0.0,3.5506448884951634,2.5494875,0.0,0.0,0.0,1.638316276395957,3.75e-05,3.0743250911758535,0.0,1.40661908721165,0.23856620533097112,6.831127402787855,0.231191375099905,3.183242584916753,0.9309316203372373,3.5585838946016777,0.0,0.0,6.494717953260649,6.335180805060566,0.0,11.167453987581016,0.0,3.350810560649117,6.650532909756972,0.0,0.0,9.619321600045462,0.5730052104030854,0.0,0.2419710258410005,0.0,0.8123769854390641,0.0,4.341014805343569,0.0,2.896751823590886,3.531756313369651,0.774793202821962,0.0,0.6861013489598494,0.6469161053560707,0.0,0.0,0.0,4.48103882217623
76,1.5050016e+18,8.601584784526475,7.0066,1.32905,0.0,10.8738875,0.0,0.0,0.7805909513117625,0.3878178742321325,3.0866097237853927,1.22885,1.2550719799885548,1.2558532451562958,0.0,0.3656535188307297,2.1440376128739596,3.3577192029452614,1.5776909780348347,0.0,1.6401650500448621,0.0,0.0,0.0,3.0308994347822265,0.0,2.290848380143936,0.0,2.379395112335749,2.366989396616931,5.263982478588568,3.721210722720215,0.9981259708481323,0.0,6.854250542729712,0.0,0.0,0.0,0.0,1.9759544959029218,3.2162851336132734,0.0,0.0,1.1870466275324971,0.0,4.830016363004405,0.0,4.690232239343322,0.0,0.0,0.0,2.425553575024634,0.0,8.602615885414163,1.5397867266313072,0.0
77,1.505088e+18,4.002200638453118,5.408734227361546,4.79185,2.7558749999999996,0.0,2.7558749999999996,0.0,0.0,2.7559499999999995,0.0,0.4933125,0.0,0.0,0.0,1.5528684287624712,3.75e-05,2.7558749999999996,0.0,0.0,0.0,0.0,2.7558749999999996,2.7558749999999996,2.165568289094764,0.0,0.0,2.0237435852036487,0.0,0.0,0.0,2.7559499999999995,7.5e-05,0.0,2.7558749999999996,2.7558749999999996,0.0,0.0,0.0,1.3045315641986186,0.0,0.0,2.7558749999999996,0.0,2.7558749999999996,0.0,0.0,2.7558749999999996,2.7558749999999996,2.7558749999999996,2.7558749999999996,2.3644308069095383,0.0,1.712037305970423,0.0,0.0
78,1.5051744e+18,4.5484375,4.9820875,9.8174875,0.0,4.103410144355598,4.443660398075711,2.73152681300822,30.72578663647926,0.0001125,0.5961459029965984,4.4252125,5.3203764723388804,2.232182987570208,1.7923753718811262,2.7760556235880927,2.1726780350103616,10.174374651109853,3.4130040187338797,1.3113399041674991,0.0,1.4651781043684249,0.0,6.838268342925172,0.0,4.850092967379349,0.0,0.0,3.009940441618797,3.75e-05,0.0,0.003125,6.08859490177674,1.1502877881547398,1.1939334203227905,2.536080872203679,0.0,0.8061208307857012,0.0,0.0,3.75e-05,0.0,0.0,0.0,1.300215744014351,1.2629972355873733,6.759026737140257,0.0,0.0,6.5992015515306575,1.603857754802757,0.0,2.2676533874406215,7.341288364378601,3.0716150910197664,2.3221442747670027
79,1.5052608e+18,9.614317241639315,0.0,5.073554813995012,0.0,0.0,0.0,1.5411125,9.8194375,1.6038228217184611,1.9861882636214412,0.09255979247430973,0.0,3.8055540080887758,0.0,0.0,0.0,8.630583205907238,4.730358450256726,0.0,2.691843161616023,6.789891551733427,2.1536260983391275,0.0,4.276918817554104,0.0,3.4446121123185294,0.0,3.539410326385679,0.0,1.1113359586475524,0.0,0.0,0.0,0.0,0.0,2.0965730731207586,0.0,0.0,0.13368346377896156,3.125837091846901,1.50618614270317,5.329553246036839,0.0,0.0,3.2412209892674566,2.4156562791885317,0.004922860261577989,5.612647443972709,0.18817459422813224,0.0,0.0,9.063937990589169,0.0,0.0,2.2518257392299796
80,1.5053472e+18,0.0013125,0.0013125,0.0013125,0.0,0.0013125,0.0,0.0013125,0.0,0.0,0.0,0.0013875,0.0,0.0013125,0.0013125,0.0013125,0.0013125,0.0013125,0.0013125,0.0013125,0.0013125,0.0013125,0.0013125,0.0,0.0013125,0.0013125,0.0013125,0.0013125,0.0,0.0013125,0.0013125,0.0013125,0.0013125,0.0013125,0.0013125,0.0013125,0.0013125,0.0,0.0,0.0013125,0.0013125,0.0,0.0,0.0,0.0,0.0,0.0,0.0013125,0.0013125,0.0013125,0.0,0.0,0.0,0.0,0.0,0.0
81,1.5054336e+18,0.000175,25.15324343678047,2.01232870186373,0.0,1.26762295094271,4.726335856820441,0.0,6.324902011815577,1.9207133327224164,0.0,2.4448994773127506,4.593461101185041,4.889030560570495,4.203312087645646,4.274393373278637,0.0,0.27655967863335534,6.441584785268618,0.0,4.360724690300881,0.6649516964051985,2.6249925306250272,0.89535,1.326331463009403,0.0,8.628813911623627,0.0002375,1.4699104733491435,0.0,0.0,0.0,2.1363724992857587,0.0,0.5283081263254423,0.0,0.0,5.012514786656358,0.0,1.4265535569215535,0.0,0.0,0.0,0.0,8.30380897873664,0.0,0.0,2.2921069943257852,0.9448611395976225,0.0,0.0,0.0,2.5574083963126126,0.5987616414322191,0.0,7.282678491711522
82,1.50552e+18,11.1604491123542,20.366706347428803,4.777431739191171,3.0014320591042516,0.0,9.554472735205316,4.138035364982345,7.21907210789912,0.0,0.0,0.0238875,0.4626,4.536412448746895,0.0,0.0,2.468737167303989,0.0,1.2772086215528695,0.0,1.7234606484060913,0.0,1.3167022598815872,0.0,0.0,0.010098121895031608,0.0,0.0,0.0,2.304053540960812,0.30327496033401974,0.0,0.0,7.539866405204016,8.334780949736208,3.563018041690879,6.560103427052423,0.3148474874094224,1.8029887241623244,4.406474067363667,0.0,3.2295921582795146,3.3712908008476967,6.3873040162248405,0.0,2.166727768211316,4.712027809289425,0.0,11.303325819024264,0.0,1.6617448397064596,0.0,4.496396368571012,0.0,6.764759275398796,0.0
83,1.5056064e+18,22.00945713530705,2.5142,7.954086340559979,1.8105332289666054,1.1666,0.0,18.663394626476624,0.0,5.1838112575761714,0.6744270652581569,0.5632,0.1647875,4.170563576196281,0.0,0.6344375,0.0,0.0,0.0,0.591553469171857,0.0,6.577965380843192,0.0,0.1030125,0.0,3.07386783603216,0.3844534500913819,3.75e-05,0.0,0.0,0.0,2.5961307342536424,2.5863738728474766,0.0,0.0,0.0,0.0,4.328581308636005,0.0,1.4643815555138104,2.764079331494824,0.5494418756314118,1.1096589477418006,1.6026666998131218,0.0,0.3798414112410681,0.0,1.6348197250239644,2.7040147787612945,0.0,6.2278824434104205,0.0,0.0,5.4465012689571815,0.0,0.0
84,1.5056928e+18,0.8078875,1.6157,0.0,0.0,0.0,0.0,0.006425,0.0,0.0009625,0.0,0.8087125,0.00025,0.8078875,0.0,0.000625,0.0,0.461405441067455,0.80785,0.0,0.0,0.80785,0.80785,0.80785,0.0,0.80785,0.0,0.0,0.0,0.619948332019583,0.0,0.80785,0.0,0.80785,0.8078875,0.000275,0.0,0.0,0.80785,0.23242158347358038,0.006953600440000415,0.80785,0.43956542210778105,0.0,0.80785,0.80785,0.0,0.80785,0.80785,0.0,0.0,0.0,0.5532200600829459,0.80785,0.0,0.80785
85,1.5057792e+18,0.3595125,2.3583585852046705,3.7384625,0.0,3.5803739898880007,0.0,3.7385374999999996,3.1502797866919656,3.807775,0.0,0.122775,3.9882874999999998,0.0001375,0.0,3.6207055564634705,0.0,0.9921045207912638,3.7384625,0.0,0.0,0.0008375,2.8258320392439296,0.0,3.245458798184333,0.0,0.0,0.0120875,0.6514701675237257,2.9462888599660078,0.0,3.7384625,0.0,0.0,3.7385374999999996,3.7386375,1.259336540428452,2.0341228523707717,0.7438654154258584,0.7038779780634232,0.0,0.8043508431327642,0.0,0.0,1.791768585856797,3.7384625,2.2920219923795626,0.2719680316323307,0.17665663126149952,3.221097304279914,1.2095733502845598,0.0,3.7384625,0.9879912493180477,3.5251034599460107,0.0
86,1.5058656e+18,3.0488388720481794,1.7735125,78.7149625,0.0,0.0,0.0,0.0,1.26528526520831,6.26335,0.0,1.6460976577189175,0.0,0.0,0.2896813223402273,0.0,1.2987102856036232,4.06392959787045,0.0,0.0,0.0,0.0,3.2440831268518378,0.0,0.0,9.083790462598591,12.113330459925995,0.0,0.0,0.0,0.0,2.6976546034528353,1.2144559577607794,0.6672962804752283,1.3414269703488186,0.7239448376781853,1.5327742984255177,0.0,0.0,9.140382222680202,4.037221038474781,0.0,0.0,0.0,0.9929465097492838,5.044983871751117,0.0,0.0,0.7063678790045457,0.0,1.7844478344886683,0.0,6.286785971891637,0.0,0.0,0.0
87,1.505952e+18,0.0,0.0018875,0.003775,0.0,0.0,0.0,0.0018875,0.0,0.0018875,0.0018875,0.0018875,0.0019625000000000003,0.0,0.0,0.0018875,0.0018875,0.0018875,0.0,0.0,0.0018875,0.0,0.0,0.0018875,0.0,0.0,0.0018875,0.0018875,0.0018875,0.0,0.0,0.0018875,0.0018875,0.0,0.0018875,0.0018875,0.0,0.0,0.0018875,0.0018875,0.0018875,0.0,0.0018875,0.0018875,0.0018875,0.0018875,0.0,0.0,0.0018875,0.0,0.0,0.0018875,0.0,0.0018875,0.0,0.0
88,1.5060384e+18,1.4106396585120735,0.0,3.469156731538807,0.0,4.0202875,0.06334817476588421,0.0,0.0,0.2600133166473995,0.0924625,0.0682625,1.2959692362963846,0.0,0.0,0.0001375,0.0,0.0,0.5301636898787067,0.0,2.63705,1.0728224118588938,0.0,0.0,0.0,0.0,0.0,2.63705,2.63705,2.4379876431133356,0.07846860870166482,0.0,2.63705,2.196436061853157,0.8800542189560581,2.63705,0.0,0.0,2.63705,0.0,0.0,1.7333328421310108,1.5566219494652553,0.0,0.0,0.49342293535083,0.0,0.0,2.63705,2.63705,1.6206257024722557,0.13742795396716562,2.63705,0.0,2.63705,0.3048959530058855
89,1.5061248e+18,4.5496596677203875,0.031975,1.6743492219672889,0.0,3.75e-05,5.225427535029365,0.0,0.0,0.0,0.0,3.9414892653564984,0.0,7.23635,0.0,7.2357625,1.3213379425063316,0.13815553928932453,0.0,1.4636389952608453,5.690234577449309,3.75e-05,1.4517414911733768,0.15598166095585395,0.0,0.0,0.35515350359013076,6.613297872821731,0.9150289249524057,0.0,6.561948132977152,6.704588677098434,2.590142896532744,1.4416315844191419,0.0,0.0,2.528749024511851,0.5774925193801973,0.0,0.15809139932638114,0.0,7.2357625,0.0,0.0,0.0,4.772064329877304,4.199010119554883,0.0,0.0,0.0,0.0,3.295456233670846,0.0,2.6301983503779245,0.2979951522545958,3.785105169653518
