,Day,[Oddish] Wall Hours: Total,[Ekans] Wall Hours: Total,[Pidgeotto] Wall Hours: Total,[Golduck] Wall Hours: Total,[Wigglytuff] Wall Hours: Total,[Clefable] Wall Hours: Total,[Nidorina] Wall Hours: Total,[Arbok] Wall Hours: Total,[Weedle] Wall Hours: Total,[Jigglypuff] Wall Hours: Total,[Meowth] Wall Hours: Total,[Zubat] Wall Hours: Total,[Wartortle] Wall Hours: Total,[Persian] Wall Hours: Total,[Golbat] Wall Hours: Total,[Paras] Wall Hours: Total,[Blastoise] Wall Hours: Total,[Squirtle] Wall Hours: Total,[Fearow] Wall Hours: Total,[Nidoking] Wall Hours: Total,[Ninetales] Wall Hours: Total,[Spearow] Wall Hours: Total,[Caterpie] Wall Hours: Total,[Sandshrew] Wall Hours: Total,[Dugtrio] Wall Hours: Total,[Nidorino] Wall Hours: Total,[Kakuna] Wall Hours: Total,[Mankey] Wall Hours: Total,[Clefairy] Wall Hours: Total,[Pidgeot] Wall Hours: Total,[Vileplume] Wall Hours: Total,[Primeape] Wall Hours: Total,[Pidgey] Wall Hours: Total,[Raticate] Wall Hours: Total,[Gloom] Wall Hours: Total,[Bulbasaur] Wall Hours: Total,[Rattata] Wall Hours: Total,[Diglett] Wall Hours: Total,[Sandslash] Wall Hours: Total,[Venonat] Wall Hours: Total,[Vulpix] Wall Hours: Total,[Pikachu] Wall Hours: Total,[Parasect] Wall Hours: Total,[Ivysaur] Wall Hours: Total,[Metapod] Wall Hours: Total,[Venusaur] Wall Hours: Total,[Raichu] Wall Hours: Total,[Venomoth] Wall Hours: Total,[Butterfree] Wall Hours: Total,[Charizard] Wall Hours: Total,[Charmeleon] Wall Hours: Total,[Charmander] Wall Hours: Total,[Beedrill] Wall Hours: Total,[Nidoqueen] Wall Hours: Total,[Psyduck] Wall Hours: Total
0,1.4984352e+18,318.65355955092804,34.52397706669438,40.7766625,15.011717952458827,34.62362266112697,6.741783207884307,0.8481824058828774,0.5545335423235696,7.805469410567254,0.0,0.0,2.0616089540535545,2.615754582326639,4.0456875,4.3313732680261765,3.678107079547399,6.282942547787661,7.596316935157644,4.7156625,0.0,2.2220128726067037,0.0,0.0,3.3832696067242027,1.39524748496531,3.0,0.45121663996928485,0.0,1.1295125,0.0,0.90035,0.0,0.0,3.0,0.0,0.0,6.803387547766696,4.703548246906674,0.0,1.90760408012696,0.0,1.087364140987815,0.0,2.607338672946916,0.0,0.20016723117661556,0.0,0.0,5.728146996967302,1.776870177380799,0.0,0.0,2.6585021378005287,0.0,1.3082359226192735
1,1.4985216e+18,283.7156690933524,45.52351993771343,54.2530625,30.166266456408415,27.10078972419443,10.810550597478162,3.856742841908341,0.0,2.88035,4.019903289822424,0.0,1.4979979811784134,3.3087288770554566,8.882355480907007,0.8526058340553673,3.0,6.255372495938266,0.2518375,12.80747967087462,1.7167607599233234,3.534380405564334,0.0,0.0,1.3727875,0.0,4.068692301153904,2.4732448694222406,1.2112851792152686,4.490426653673461,0.0,4.264978278034494,3.8658287463372436,0.31875723862415606,0.5395125,0.5527919908457523,0.0,0.0,2.5230185240888665,5.648656870126586,0.6582819638434532,0.0,3.9591326101714093,2.6013639744923247,4.274465146315155,0.45468967282679557,0.5439128834431071,3.932458359765296,0.0,6.81785550068524,0.0,0.0,0.0,0.0,0.0,0.0
2,1.498608e+18,215.2526125,34.2150625,57.65796156320713,39.240275,29.90103281164489,9.230674508457955,4.855381182111146,1.0700312595453993,3.0,3.894894712817442,1.4963498191438527,3.947087954220379,0.9456660122142407,8.94937716244645,4.469584300744962,3.0,0.0,2.7470120824057243,5.493195517656076,0.0,0.7928178850149994,0.0,0.0,2.9999625,0.0,4.18924255700213,0.28153523330018854,0.0,0.0,0.9874288741574313,2.3936215928523774,3.3874656394274973,2.524226901413984,0.0,0.0,0.0,0.0,0.0,0.8257607390168293,0.5107973493480301,1.2955383567836751,0.0,6.2754260465058,0.0,0.0,3.8318431813288756,1.383825785177557,0.0,10.819233226041892,3.5773745377616004,0.0,0.0,0.0,1.9956012314291014,0.0
3,1.4986944e+18,172.319275,31.7693,55.8842625,15.834384984315609,21.0,9.03912712690034,1.0545002525439215,4.254332624130632,8.793461780216166,0.0,0.0,3.558740455335777,6.35486094548854,3.0,8.372471190537832,3.0,0.0,4.340292800092359,4.010811197008336,1.3735602855389895,3.1657577275172746,0.0,0.0,5.232094654063632,0.0,9.219041812132916,0.0,0.0,0.0,0.0,0.40835844821113365,2.148009089519974,3.275600941190226,0.0,3.7316616446390904,0.0,0.0,2.595181796656253,0.0,0.0,4.348614534190521,1.77894945818262,0.0,7.2692677862124535,5.060377080732997,0.0,2.6929521466574324,2.418653233279813,0.6048492356685584,0.0,0.0,0.0,0.0,0.0,0.0
4,1.4987808e+18,157.6331638020496,36.244925,30.3751125,10.5566375,24.0826125,6.4102875,0.0,6.283618275885885,11.305894594775765,2.230249168429186,2.4833303201485637,4.466960456055386,2.235858999894637,1.729275,5.9999625,8.43980306658322,0.9126,0.0,7.130699880344234,9.306913870751053,3.0887984558536137,0.5752024685769159,0.0,2.509268251095152,0.0,3.84206593868607,1.432766088297967,0.0,3.5509209343208896,5.034630819466919,5.790518778776362,0.0,1.7484262138688111,0.5882044081206104,0.0,0.41681654941884616,1.2648246652947372,3.4264927107420915,0.0,0.0,0.27335536019836415,0.0,0.0,0.0,0.3534802185395473,0.0,0.0,0.0,0.0,0.0,0.0,0.19648332403833912,0.0,0.0,0.0
5,1.4988672e+18,149.81257884196114,48.7688375,30.054401635886677,5.7489,24.496108973060952,6.67329539612132,0.3085229101654683,0.13135,3.3882,11.279108062268016,0.0,4.2244323772302526,0.0,0.44525,15.72554414295884,3.0,6.558608076223444,0.0,0.0,0.0,3.8781893033269386,0.0,1.736619366682979,0.293025,2.1597386465131394,1.859825,6.024500028877038,0.0,0.592675,0.0,0.0,9.160494494379991,0.0,0.0,0.0,0.0,0.0,0.0,0.01809229289882849,0.0,0.41512206591215584,3.2571019711965783,0.0,0.007033467518601283,0.0,0.0,0.0,0.0,0.0,0.0037125,0.0,2.0771695731003503,7.289245308502127,0.5450911317191542,0.0
6,1.4989536e+18,126.56637301076842,53.8130257831264,23.1572125,12.41652440697915,22.06714589971088,2.989,0.0,0.0,12.39660680657762,5.98888704783776,0.0,4.955654903170047,0.0,2.1106913625881445,6.0982,6.116173539565572,6.774748307003877,1.4381887625849419,0.0,0.0,3.865,1.6995981348220264,0.0,0.0,0.0,0.0,2.579516054550659,0.002775,7.8228965434655455,0.0,0.0,4.787724170675836,4.400281959378712,0.0,0.1644608179714997,1.3645413781365545,0.0,2.5614880287067856,0.14627700653228587,0.0,1.1591796325918708,1.6356388927506385,0.0,0.0,6.921415592778293,0.0,3.014244758782487,0.0,0.0,0.0011125,0.0,2.6418635532831307,5.069350726146926,0.0,0.0
7,1.49904e+18,107.016775,48.3365625,13.046534437284825,5.8170375,18.0,3.8315275768112227,2.2930179103468347,2.6114038610056833,4.392231929358974,4.264841642881711,5.234453168644568,5.277425,0.0,2.539234390194968,8.319985331578724,9.742217587623518,6.0880259323400185,0.0,2.2440024208980827,0.0,5.5659456381235035,4.708989312502931,4.284554358359494,1.2775759940754696,1.8190239982158123,0.0,0.742329571038114,1.9349243319168703,0.42971060773706643,0.0,7.544153265167038,0.0,0.7365347144699269,6.122222841169766,0.0,0.0,3.433315554260352,2.2694990793137024,10.5222161593418,1.8833087278675977,3.9346815534532187,0.0,4.362065919587257,0.0,0.0,2.0364016166319874,0.0,0.6170333132184015,0.0,1.5765762202225067,1.5252692188022836,0.709726277559451,0.0,2.7415642855121964,9.238310720971617
8,1.4991264e+18,107.409825,48.97404783513235,11.819902362685045,9.398138278252167,18.0,0.0,0.0,0.02295,0.0,2.248771414916148,5.796084719270331,5.8135125,0.0,9.674178612097283,5.604803124455885,3.0,7.265791703350924,2.4034276650220905,0.4164,0.0,6.692671099738105,0.2124985080149837,0.0,0.0,1.6963351221660745,1.4625996557000676,0.0,0.0,0.36635,3.104608102217288,0.8963290395109296,0.0,0.0,0.0,2.3289082649162833,0.0,5.36887964009155,0.0,0.0,0.0,7.879595323286757,2.0231737954875872,0.0,0.0,6.702693191007534,0.0,5.066290478576763,0.0,0.0,6.794587235175769,5.017729966358519,0.0,5.5332721251028305,0.9895762960058405,0.0
9,1.4992128e+18,105.408276134759,59.57485628691519,18.5490125,14.372834436152813,19.503939701593225,2.2915927828841753,2.4635737584910697,7.900486762404341,0.0,0.0,0.0,4.914375,1.584381037438314,0.0,4.0759445810793045,3.0,3.471075,0.5459,0.0,0.5869457289131436,4.282573856098422,0.0,5.035128379320926,7.321544811065293,0.0,0.3059071955679011,0.0,4.660035430732132,3.14610559378229,6.952913172570912,7.5649512762192375,9.009617872585848,0.0,0.0,2.67980871282148,1.6276528020850005,7.000132542715015,0.06821812109007785,0.8861102905552182,0.0,0.0,4.0495462288787545,0.0,2.032895479316095,0.40099398632930794,0.0,0.0,0.0,0.0,4.6593205438351255,0.0,10.098001714522256,0.0,0.31567947583262035,0.0
10,1.4992992e+18,97.1019850365309,51.151401401801046,20.83656082923349,6.6385125,23.565170855622156,0.0,0.0,0.1090051680454304,3.333825,0.0,2.2395481808314717,6.977089594897144,0.0,0.0,0.0,3.0,1.2763875,0.5429908094550476,0.0,2.9019683808240564,3.0,0.0,4.856656083147374,0.0,0.0,0.0,5.906011420340118,0.0,0.0,1.264367418934873,0.0,0.0,0.0,0.0,0.0,0.0,0.0,0.0,4.362742247364916,0.0,8.533135887676705,1.9682174272488844,4.638754143339823,0.1143308984402932,0.0,0.0,0.5935437425821749,0.0,4.781817841218825,2.5040296012873706,0.9008973206371854,1.2989265251152042,0.0,0.0,5.47302741596117
11,1.4993856e+18,125.2008,40.4126,90.08240293765098,10.912438613474807,24.354461353366226,5.973115023017785,0.7608447566609381,0.1657462367836088,4.4532,0.9619926328079804,0.0,3.5643125,0.0,0.2086378422631247,0.4323625,3.0,1.068575,0.0,0.0,0.0,6.522867806014977,0.0,0.0,0.0,0.0,0.0,0.0,0.7184198221863999,3.9760229459808625,6.669314439177894,0.0,0.0,0.0,0.0,0.0,0.0,1.4083302186324886,0.0,0.0,6.870210617569155,0.0,0.0,1.9715527667644057,0.0,1.8040610997478579,0.0,0.7819942647482726,3.3992593848187616,4.239314957476552,3.6778765142930343,0.0,0.0,0.0,0.0,11.720323684188246
12,1.499472e+18,220.2873375,32.9999625,41.23448821615168,10.492264623919452,18.0,10.157168168479968,2.4062959730320697,0.1514531244078866,4.7282625,2.1053399860834316,0.0,4.125272492412577,5.4444875,4.374390610554735,6.101006185416743,3.1254821097292846,1.0658375,1.9909918240786166,6.2414842470027185,0.0,3.0,2.9764388468456975,1.6352969050292863,3.7093429662682085,0.0,4.966177951320945,0.0,0.0,0.0,1.2500059252556888,2.9238050101638082,6.842434982529331,0.0,0.8025474664427668,0.0,0.0,1.1089836758844818,0.0,0.0,4.04466409005286,0.3859146499378391,0.0,0.0,1.4303005601694372,0.0,1.208297930591154,0.18033451263965938,1.4124802266507157,0.0,0.0,7.516173260438069,0.0,2.341638287831598,0.7227286317475481,2.6087650573230676
13,1.4995584e+18,233.913325,36.35223823242584,83.69037095389106,10.173872609429814,21.035465734693762,9.0,0.3156759684800045,3.525759972034684,11.9999,0.050441323099859006,0.9296175799988746,6.548250250144713,2.0542316057968426,0.0,4.574207028961951,3.0,0.0,3.143641452268298,1.7409375,0.0,1.621425,1.5967182869557204,0.0,0.0,0.6367292874434118,0.0,0.5513185282339703,4.740893423259748,0.0,0.0,0.7817998521128547,3.893148941606794,0.0,0.0,0.0,3.114596201117708,0.0,0.0,10.678071947641689,0.0,0.0,0.0,1.6485989328583721,0.0,3.8648735560633867,2.0699231493408123,1.1222094093205972,1.969627164147357,0.0,0.0,0.0,0.0,5.747722193338812,0.0,4.587736853085946
14,1.4996448e+18,230.8770875,32.9999625,29.8420875,0.4189875,0.19409075894970232,9.0,3.0923037619555127,1.3431266304238954,14.100827358498043,0.0,0.0,5.878889118232512,0.0,4.602362988431782,2.226525,3.097686704636989,9.231893686304183,0.18027571741952753,0.0,2.0567386943880233,0.0,7.095516767457154,0.0,9.511144855247634,0.0,6.547414105053361,0.0,5.7554933863307465,2.8520218254266236,2.02028315345065,0.0,0.0,0.0,0.0,0.0,2.8094616867887385,1.3495143727594479,3.759856494191056,0.0,2.212879898894939,2.6722444549487068,0.7390109077787599,0.0,0.0,4.067285178629501,0.0,0.0,0.0,2.6439996289563243,10.622503408606848,0.0,0.0,0.0,0.0,0.0
15,1.4997312e+18,214.989225,34.24047962885024,17.8049125,4.217415631371432,3.657011642474896,9.0,0.0,8.167977850993056,9.478125,0.4196003195072622,0.0,5.735909041312534,0.0,2.684605328451989,2.1626375,3.394944835009014,2.8957126499606574,0.0,0.0,0.0,7.820385277600838,0.0,0.0,0.5037776648900609,3.2993671775297084,0.0,0.8623879330872978,0.0,4.170544497707529,0.0,1.182558287094221,7.480537819596509,0.0,0.5636822407005281,7.836392256121309,0.0,6.034992441224586,0.0,0.0,0.0,0.29682353232894276,0.0,0.8433912751046942,0.0,0.0,0.0,0.0,0.0,0.0,0.4860838670364122,0.0,3.841733374325905,2.4567997282841296,7.803781660476097,0.0
16,1.4998176e+18,199.4118,32.9999625,70.8329875,10.130267381903991,6.335374372136599,9.0,0.7306781795626034,0.0,0.7114875,0.0,4.486542548276522,0.0,2.0176072342041302,0.0,0.0,10.38046235560983,0.6698926941214195,3.006390461608336,0.3482622326694053,0.0,5.55632436464031,0.0,0.0,0.0,0.0,0.9708858954536859,0.0,1.5311170656238553,0.0,5.969645218827786,3.1131955758286938,1.7733057725091335,1.0480284466992458,4.57253383097542,0.0,0.0,0.0,3.218210368098822,0.0,0.0,0.0,0.0,8.301235217894973,0.2996273150111191,0.0,0.0,4.580644741295748,0.0,2.654549293334803,2.024884844086754,0.0,0.0,6.451930237318298,0.8839182836455586,0.0
17,1.499904e+18,209.83037499999998,32.9999625,71.98671195199718,7.910696308622448,19.07900847311585,11.48430238895944,0.6290215703663184,9.172088301890918,0.0,0.0,0.0,0.0,9.824494343595626,0.0,0.0,4.619747624598248,0.4735792038181668,0.0,0.0,0.0,2.270506740211734,5.851516276975237,0.0,0.0,0.0,0.5227742269778897,0.0,0.20254199317904226,0.7723670217814101,2.574371206881138,5.736232388358306,6.163946446041888,0.0,1.8078363903579966,3.639220482627032,6.351699635159184,2.9100424001982788,0.0,0.9821460200819381,0.0,0.0,7.259377753828643,0.7130331493180748,11.268524564799485,3.485585288480701,0.16820062567000027,0.0,3.118954285619354,4.658096238690357,4.257114550252587,3.436185723854448,0.0,0.3424440179180458,2.22486148378587,0.9655921434595149
18,1.4999904e+18,193.2522957564868,32.9999625,94.23745259693615,17.621762056875,13.42205,9.0,0.0,4.224013654277469,3.4654835534540585,0.0,0.0,5.407884240126243,10.566505824453557,0.46560945251767766,3.894613377903184,8.721443821919003,0.0,1.6430844949922847,0.0,2.524960317281831,0.4558375,2.8147007957707513,0.0,7.090151263877714,13.335932071623231,0.0,2.680084676650573,0.0,3.159451700562296,0.0,0.8623487198777509,4.690505388642667,1.394472738048807,0.0,3.2519533542345607,4.289890375714837,0.5383781825446778,7.03080937082953,2.168158068223824,0.0,2.8826202040995863,6.5929557052195085,1.8692422039523333,1.3645036286713503,0.0,0.6981397296046069,6.093976222973851,3.79059260623661,0.0,0.0,0.0,0.6536876821453217,0.0,3.9261221873793333,0.0
19,1.5000768e+18,195.63799856823553,36.03560368421474,83.40368955945611,25.1022625,12.0,5.914666719946698,0.0,3.0205875,8.753303433210911,1.6578509798328107,2.3836167226958094,8.873041319685598,0.0,1.263475,5.848921072668514,4.491625613334988,0.1314875,1.5181510952175172,2.6724550362801094,0.0,3.0,0.0,0.0,0.011075,0.0,0.0,0.0,0.0,4.261933173236637,0.0,0.0,0.0,0.0,1.4957683517602787,0.0,4.184978683600299,0.237484594424405,0.0,0.0,0.0,4.591151014361759,2.2473461307276885,0.0,0.0,0.0,1.5334751241986706,0.26693681833476607,1.9371024380392807,4.424100724522761,0.5096350659043241,0.0,0.0,3.2952091648186013,1.5892434999472431,0.0
20,1.5001632e+18,180.26150133297529,37.05565,73.26654411646571,25.1404125,12.0,0.0,0.0,12.08554040412417,4.9820875,0.0845125,0.0,3.0593027884145654,3.6081424714596895,0.7905875,1.5693375,3.3281166696050475,1.2049294937532782,0.0,3.0,0.0,2.55875,0.0,0.0,3.053415811000587,2.250541090675114,6.339267722096239,0.0,3.5834009037693786,0.0,7.615260880405187,4.113558456422351,0.0,6.5725168283707855,0.0,5.192664116858861,7.918613045254086,0.0,0.0,0.0,0.0,0.0,2.4796258464999044,2.5278730448578277,0.0,0.10061897164884065,4.717186831825834,0.0,0.0,0.0,0.0,0.0,0.0,0.0,8.462026671624603,0.0
21,1.5002496e+18,157.4817885778744,38.5789125,59.6590625,0.0554125,14.737591716718441,0.0,7.392073442983144,8.94455,0.3779125,6.549430411059759,0.0,4.4941375,0.0,5.046022245162424,5.198284740116153,3.0,0.0,0.0,1.2087875,0.0,5.074308312244444,0.0,0.0,0.0,0.0,0.0,0.0,0.0,0.314175,0.0,0.0,0.0,1.6432704977502315,0.0,0.0,0.0,0.0,0.0,0.5605301006297198,7.8799569020252385,3.5900032946988,0.0,0.9837677995176662,4.766417597574276,0.0,2.387369661526468,0.0,0.0,0.0,0.0,0.0,0.5723240178197941,0.0,1.7262069464782603,3.3477385124943977
22,1.500336e+18,136.4952625,43.5047125,46.375,3.4267984675891308,12.0,0.0,0.0,2.24855,3.4359741628586424,1.914685921585691,1.9787011592678168,12.789419643280098,2.421178910865556,0.0,7.561058981193875,7.405395430057753,1.666239155473854,0.0,0.44015,7.609289735968491,0.0,6.654921756358478,0.0,0.875,0.0,2.537071208472239,0.003825,1.1414519686554097,0.08205,0.9004370270523291,2.1564600029946464,0.0,0.0,0.0,0.0,0.0,5.069697847717731,0.0,0.0,0.0,0.0,4.493081157464635,0.35365,0.0,0.0,0.00715,0.0,0.0,0.0,0.0,0.9994300502472013,0.0,0.5936484805644537,6.023193646890543,0.0
23,1.5004224e+18,176.28476800580256,54.7457625,34.5458625,3.0,12.0,0.0,0.0,3.0,3.3284,0.0,0.0,2.3269245941577354,0.0,0.0,3.0,3.0,0.0,2.7137864708780874,0.0,0.0,4.813141790005562,0.0,0.0,0.0,0.0,0.0,0.0,4.225066707791775,0.0,0.0,1.4770496528664,0.0,6.486992708382443,3.3975872553797037,0.0,0.0,0.0,0.0,1.1656359858755696,7.3251157673974685,0.0,0.0,0.37337964879390617,0.0,0.0,6.03193198718133,4.149638967543925,0.0,0.0,0.055626222664526236,7.551784502344622,7.207204533567226,0.0,3.1965984204977818,0.0
24,1.5005088e+18,214.5662125,41.5166,29.71892499587659,6.310466641860836,21.64175643890782,0.0,0.0,3.0,10.04015214420986,3.291653157994543,0.0,0.6354505043864793,2.2471125,0.5588020241909748,3.0,3.0,1.6703491136850348,0.0,0.0,0.1254957376566163,0.0,0.9781156309123962,1.9632070748208887,0.0,6.551096917063759,3.023956383571026,0.0,8.274007144281443,7.741993401296162,0.0,4.629560989609722,0.0,4.051229002656059,4.3261792859361226,2.701172385020563,0.0,8.447667651898364,0.0,0.0,4.154181121990991,0.0,1.6216243160457398,1.595333444661276,0.39434375111041814,0.0,0.0,0.0,0.0,0.0,3.0791679085974692,0.6426937789819224,3.7169947366453675,5.572214801555119,0.0,0.0
25,1.5005952e+18,140.7525625,53.500725,18.0237125,13.007826750667268,15.308259894887449,1.2935125,0.0,3.0,18.803025201897256,0.13458568786679243,3.4970061748136465,5.745175,3.2884375,4.472245248121508,5.60681770676082,3.0,1.4151125,0.0,4.975884256400392,0.8609079759344425,1.8241205976832124,5.2291869186195585,0.0,4.914569454899611,0.0044125,5.741873824366931,0.0,1.3564227184088802,6.5479044774730175,1.083105366290638,7.593869206842773,3.8039381773042806,0.0,11.867079216351943,0.0,7.220597209438663,0.0,0.0,0.0,1.9800651110813843,0.0,0.0,4.992047227077457,0.0,6.370132946344222,0.0,5.785922559852264,4.51102263620842,2.126184941012404,0.8082537998476539,1.524385345071279,3.8957364971215154,0.0,0.39239267960808705,0.0
26,1.5006816e+18,172.3341852586105,78.18269824749504,31.549824337226102,42.593459802441124,14.694259940382459,5.247172571897509,0.5907495747129007,5.097544468280048,13.61365,0.0,0.322174165130268,7.7152875,2.394925,2.3174711684919336,6.08975,3.0,1.5906625,1.444050898183572,1.446031950434255,4.870878944350185,0.0,8.466929048186339,2.65145699480359,0.0,2.9770400984604497,1.4290781611867702,0.0,0.0,3.747430997331743,2.636603747676315,1.4257294761605581,5.431532992214678,0.0,6.836302648017205,0.0,0.0,0.0,3.473508044843868,6.837745233558855,8.111722880260418,0.0,0.10038224349729669,0.0,0.0,6.123823271734969,0.0,1.3236621538298843,0.058443111509208355,0.0,3.32263080843236,0.0,5.615488420237173,0.0,0.0,0.0
27,1.500768e+18,78.748475,119.94846925055384,51.54537500000001,26.393010154575556,24.784943388082688,3.0,0.0,4.356406074805782,11.0225903443339,0.021325,7.204598629341736,13.2571375,3.0,0.0,7.333613314875754,5.795230572499524,1.9983375,0.0,6.805928678279441,0.0,0.9047596970476366,0.5801596164417088,1.4030572751311978,6.294632695007686,8.510139645876372,4.819585947969363,0.0,0.0,1.0707611089124374,7.6057501657566675,2.0676867503799516,4.944292769287832,0.04931996833869781,0.0,0.0,5.237494973111398,0.0,0.0,0.0,0.0,0.0,0.4873863158644182,0.0,3.982988592470659,0.19637407845331722,0.0,4.042907393969717,9.33147012806278,0.3610512715012382,0.0,0.0,0.8371484417408565,4.098757159494229,0.0,0.0
28,1.5008544e+18,86.273025,227.68998690132798,46.492872852657506,3.5118937987560948,29.079677575628637,6.447445880538967,4.705331898170549,3.0,9.272802280960047,9.925559275696695,3.168166505383752,8.400175,1.7904875,0.0,6.0,0.0,0.7373148589073948,0.0,5.225566481901117,0.0,0.0,9.036398338109967,0.0,0.1648438100683741,1.752675,1.0235544530296665,0.0,0.0,9.903064035492955,1.871961632400736,1.509332007101896,0.0,5.4190352150343335,0.0,0.225038383480001,0.0,0.0,0.0,4.801456647497504,3.8601363588524285,0.0,4.83250296949257,2.3384499035957056,0.0,0.0,0.0,7.046638410007954,2.8863824746921565,0.0,0.700091210173943,0.0,7.839038094476712,0.735868932014763,9.677245506558686,7.033629169717674
29,1.5009408e+18,93.25180022981405,146.8487245430435,28.45272706594684,4.3184096003064365,24.0,0.0,0.0,3.9261375032428445,0.1313459496833065,10.20875,0.0,8.980443451413873,0.5504288907901118,0.0,9.021207759345131,0.0,2.2474625,3.2085659311332715,0.0,2.437493569166235,0.0,0.0,4.768958571703787,0.0,10.899424188959319,3.2399365484782114,0.0,7.711937740739083,5.991656832850699,0.0,2.0453238951853736,6.285583781247372,0.0,4.328813967792297,0.0,0.0,0.0,0.140475,2.0141606639325333,0.0,0.4890174311970929,0.0,0.0,0.0,2.367492237744071,0.0,2.353363649808223,6.278366674471329,0.0,0.8020217109906994,2.0362234856373345,4.702934909493819,0.0,0.0,0.23078881613493782
30,1.5010272e+18,102.7938125,77.9998125,21.184831524282814,0.7031913099021556,24.0,6.003700449069462,0.0,6.577379785011855,0.0,3.0,0.0,11.045946770440851,5.801589881381347,3.816990326943364,9.63145491768962,1.9033857485803756,0.0,0.0,0.0,1.0102302149467148,0.0,0.0,0.0,3.9120150268690574,1.4639625,0.0,0.0,5.701871628607573,6.643379443832161,0.9534378710259985,0.0,3.3277650572903905,5.639805881285443,0.0,0.0,0.0,0.0,0.0,3.256796900192849,0.0,0.0,0.0,0.7972414357994645,0.0,0.0,1.2583202178069046,4.763380596623356,2.9530690047388886,6.446105590388193,0.0,0.0,0.0,2.2253636559184686,0.0,0.2585880021902704
31,1.5011136e+18,119.4728125,70.4228375,19.968154069699455,1.9865000000000002,27.812216756235095,0.0,9.107819600530703,5.301277801456112,0.38797584420045933,4.166517358700385,2.6590409406480306,7.568475,0.0,0.0,3.0,0.0,6.069857508605181,0.0,0.0,0.0,4.515312374311492,0.0,0.0,0.0,4.1007472530846485,0.0,7.390367492138657,3.0892625,1.8458174967597754,0.0,2.40148051411531,0.0,0.0,0.0,3.482700411862898,2.727080833429684,0.0,1.2654217771035468,0.0,4.608778130157617,0.0,5.521296029115738,0.0,0.0,0.0,0.058800140329719315,0.0,0.0,2.2802108671798584,2.753879462394485,0.0,0.0,0.0,0.0,0.0
32,1.5012e+18,102.6123875,58.89234106838173,27.1299125,2.9865,28.711722539153882,0.13275694526765608,0.0,3.161318691103083,3.7296347352774,6.4548625,2.1095945406944594,5.9388875,3.051658395229156,10.134528310715742,4.970525,0.0,1.1852375,0.0,0.0,0.0,5.874080229614809,4.626787025828423,0.0,0.0,0.0,1.91972791239688,1.8688613321294667,1.4026,0.0,0.0,4.438139415558057,0.0,1.31261548660726,1.7674653606429769,1.1928309090153606,0.0,0.0,0.0638125,2.7189085586729558,0.0,0.7681455701526978,0.0,1.489057198997274,0.0,1.0781315657888089,0.5048713485740366,0.0,0.0,0.0,4.395444824056638,2.062858844294456,0.0,0.0,1.294006495582661,0.0
33,1.5012864e+18,105.9234625,63.703948060413666,38.5116625,5.891019773327306,26.52084879469041,1.8055875,1.256328140203172,9.083968701842991,0.0,14.065487706923527,0.0,9.457053678656642,4.604319268254253,0.0,6.035479292968203,0.05117043870200121,0.0,0.0,5.049521332032593,0.0,0.0,0.0,1.9710336086121452,0.0,0.2165,4.515611330844809,0.43491986983496445,11.066805448659906,3.284807564757055,0.0,0.0,0.0,12.97510323101471,0.6307036896544641,0.0,0.0,0.5852885200819011,0.8712285718919874,0.0,0.0,0.0,0.0,0.0,0.0,0.0,9.261276193910785,1.7434752709318102,0.0,0.0,0.0,3.5574091806340435,3.7956730026817866,1.8195692370672651,2.425301593442014,3.75e-05
34,1.5013728e+18,97.99063967935605,57.342325,49.508580988977485,15.9985375,24.0,9.080434201293475,6.739305874969495,9.009963112420225,6.923470795946197,14.627525,0.0,1.3159999999999998,0.0,0.0,3.0377125,3.551665122274157,3.8987372005605785,4.398512425815711,1.119440004072953,3.006930611861938,0.0,1.797332309188227,0.0,4.492527839052826,3.5678,0.0,0.8294959083505079,2.0983504737893712,6.805459544386791,7.702473493975547,2.64197064179502,0.0,0.9758126104090954,2.5171990464755707,0.0,0.0,4.331198630024161,0.0,0.0,4.310108050780233,0.0,0.0,0.16223950042421117,0.0,4.464200974271338,0.00285,0.0,1.1915105510544153,3.884260903915581,0.0,3.280678640528739,0.0,0.0,0.9894530884504054,0.0
35,1.5014592e+18,83.20064367776766,61.28696924803947,47.0959375,6.655725,26.007809009921687,1.849777768225843,0.0,8.630525,4.1315375,17.23857368073176,0.0,4.04785,0.0,0.0,2.236873798059956,0.24114151818597232,1.4668241301827227,2.917999515571249,0.0,0.0,0.0,0.0,2.7510617488644717,1.651228660376055,7.7161,0.0,10.911344812589029,0.085175,0.6009273200564524,2.253764923802294,2.2746084970836358,0.0,0.0,0.0,0.0,2.0183174809831637,4.27520067741994,4.753630081679129,0.0,0.0,2.2534271458813473,5.6459894450712325,8.816597701290492,0.0,2.347517809087432,6.333626139816717,1.5019323578149602,0.21251570115777815,0.0,9.447847668798358,0.0,0.0,0.0,0.0,2.8742511123470815
36,1.5015456e+18,100.66885,57.551175,26.314608576787226,9.382568722978327,21.0,14.290877487806082,2.9991355253940286,13.002309761579424,1.647455080518354,23.1823875,0.0,4.528251780818889,0.0,3.2654386387531615,5.337180806589002,0.6459909460647817,0.0,0.162525,11.448194580732022,0.6162761750553203,0.0,0.0,2.5682286003986565,3.851439976097573,2.109836560671306,0.0,6.030206026596519,0.0,2.4364682525155827,0.0,3.729315107463311,0.0,7.059490287905083,0.0,0.0,0.0,0.0,2.66197978461231,0.0,0.0,0.45818567200740573,0.0,0.0,0.0,3.739435716443074,0.0,0.5478783654045882,0.0,1.578102975853677,0.0,5.72583111166457,0.0,0.0,0.5712828496433849,1.579754675017565
37,1.501632e+18,59.75625,54.14274644659468,10.521753111579171,0.0899,25.887800086848667,4.77385,0.0,16.79715,3.380983877464437,21.23045,2.5943036354117566,2.8480271019259042,2.806323405004064,0.0,0.9316206203540696,3.056575710119854,2.4194132505837196,0.0,3.0,0.0,0.0,0.0,0.0,3.6008931596701723,0.8395615406854015,0.0,0.07399300622770696,0.0,0.0,0.0,0.0,0.0,0.0,0.058153532202843555,0.0,0.0,4.717569846321242,0.4804950921242224,4.626037848534393,0.0,7.3429696783655025,4.231933127426796,0.0,0.0,2.387292202770498,2.9086474873775354,0.0,0.0,0.3269266010668158,3.421001917084594,0.0,0.0,4.950678434959078,0.0,0.0
38,1.5017184e+18,62.63616017439062,55.48897751606472,7.555298574161693,5.1599481878369255,21.0,10.192200204294647,0.0,12.640725,0.0,17.9999625,3.42001896970021,0.0,3.049070760071647,0.0,0.6368274688908746,5.689379311412789,3.679053028585885,7.278616479255465,1.9296125,0.0,6.872312822501024,0.0,2.3080708404769017,3.2619300505829294,0.0,3.9634874809244427,1.7025793530367208,5.748451286199794,0.3042307470681319,0.0,2.6385094886411653,0.0,0.0,0.0,0.0,0.0,0.0,0.5796784443901961,1.426049978228461,3.874895722890476,2.086112210195727,2.9871568158537087,0.0,4.1681807490176705,2.94285569003688,0.0,0.41303188274062697,0.0,2.7223802344955774,0.0,0.5863478476471441,4.358551744245472,0.0,0.0,0.0
39,1.5018048e+18,70.43249316700303,82.86004763720423,0.0,6.793365491936495,21.6800485889693,36.99608306354541,1.6036629996062652,4.424607341504496,4.451642353038999,12.7756625,4.47062043286341,6.473633441571066,0.49987400925573594,0.0,0.0,0.0,0.0,0.0,3.060032108566851,0.0,0.040734875917005565,0.0,2.3894195252961503,0.0,0.0,2.1004806053708376,3.0596661213513103,0.0,0.0,4.373793377747057,2.7897341423483213,0.0,0.0,4.7385892591464716,0.0,0.0,0.0,1.2274484402183796,7.010157041672916,5.629148191333609,4.06023022305219,0.0,0.0,3.205390631242187,1.7847464923705425,1.0342983824419585,0.0,0.0,3.494546149747829,0.0,0.0,0.12066196714786996,4.256764350509035,0.0,7.049842222679162
40,1.5018912e+18,96.85352121968032,43.817634689629315,40.0980875,7.083180513096961,21.0,47.2426264057077,0.0,3.8944728700291726,0.0,12.0,5.997521779444201,0.9281625,0.0,0.0,0.0,0.0,0.0,24.530275,3.0,0.0,0.1244379305853144,1.0624517251002896,0.0,0.0,7.688819808554735,7.859324915657566,0.0,0.014025,5.007351276474084,3.6516044996886023,1.091935803721795,0.9138488478190666,0.0,2.7440461205610616,0.0,0.0,8.119497094115125,1.7434943269515184,0.0,3.505663601361634,2.2422873196188786,2.3034136434080614,0.0,0.6305879892163846,0.0,2.2562051140599073,3.370121956354282,0.0,1.8102207772443017,1.1733138631976094,0.9698529326469483,1.5140915646676611,0.0,4.103226317696924,0.0
41,1.5019776e+18,89.6402125,42.0,73.09060183879468,3.6048769572432358,22.733101817359454,35.75408464695832,0.01545,2.138979711911971,0.0,16.5586067991264,0.0,1.0095447783579479,6.1001818627850355,0.0,0.0,0.0,0.0,38.382698116209845,1.7107,0.0,0.0,2.6037000224650675,3.1410030145567034,0.0,0.0,0.0,1.0034052495358117,4.864759415898038,0.0,2.6212623747924333,7.506471202153253,3.931268081497769,0.08013813778965276,14.6882287776918,1.121149229914342,1.087810002344362,0.0,0.0,4.071013650756935,0.0,0.0,0.0,4.7790130783931195,0.0,4.635120838046833,0.0,1.1078142762050744,0.0,0.8369037666333731,0.0,0.0,0.0,0.0,2.6555947971367915,1.1770427579270888
42,1.502064e+18,105.45159203095409,42.00455,33.109545077945064,0.0,22.57619532597567,34.36306550824465,2.5337125,1.1176375,8.375512854763333,13.167538510192923,0.7139117230392791,0.0,0.0,6.657568502074913,2.370685711612907,0.0,3.932051731948123,4.0877286646479565,6.334280149215072,1.1040645641818603,0.0,3.2142992861820057,0.0,0.0234375,0.0,0.0,9.484048986472715,0.0,5.2895657999994485,0.0,1.4172135795935725,0.0,2.058151119269926,0.9548623243523938,0.0,3.094147583901671,4.686036514783739,6.3245341553049315,0.0,3.0260408627096527,0.0,0.0,3.911365570701919,0.0,0.0,0.0,2.2108761726985646,0.0,6.590386444637452,1.1773928110935743,0.0,0.0,0.0,6.0435915310591355,0.0
43,1.5021504e+18,113.2815625,45.6879375,1.0154184500761716,0.0,23.442776820127065,31.978669171102254,13.697888032781847,5.803125,13.714205981882504,9.016959997508275,1.1237119872473638,0.0,23.3398375,4.6050712731919665,0.1619375,3.0842801477788715,0.0,5.932898288027825,3.8561733472581174,3.0337975698424273,1.3584431427827317,0.0,0.0,0.0,1.664516048005411,1.829933600533014,1.6156625,1.985476094636363,0.0,0.0,0.0,0.0,0.0,0.0,1.4359151604886549,0.883569416170492,0.0,0.00055,0.0,0.0,5.974929018829302,0.6259185141229615,3.1938064261428365,0.0,0.0,2.3409926325186166,0.0,0.0,0.0,1.3162897632346413,1.4764054437696046,0.0,2.1509891938256427,0.0,0.0
44,1.5022368e+18,32.056075,46.230625,0.0,2.0462479305902144,21.0,26.9999625,10.531166808791681,20.297898440342586,13.6513625,8.691195866747215,2.7131788169686497,0.0,0.9753381068129009,0.0,0.0,0.0,4.957434773302148,3.2756982701984247,1.8154875,0.0,4.370512557665749,0.6571817691968859,4.428267916172032,0.0,3.1126074043162535,0.0,0.0,0.0,0.0,0.10885282173275915,0.0,0.0,0.0,0.0,0.5080954917037818,0.0,4.424849631136496,3.2848606116363963,0.0,0.0,0.0,0.0,0.0,8.619911856839929,0.0,0.0,6.403426504407556,0.0,1.4067188942500521,2.562766072036822,0.0,0.0,2.699634946243361,0.08262343394158941,6.334516352698594
45,1.5023232e+18,4.99704597349997,49.439742192150504,0.0,5.326312292216875,20.811982958212138,27.082116065471837,11.197047269244802,13.8233625,2.7807,8.271869674933756,0.0,0.0,0.0,0.0,0.0,2.844745609743444,2.4214878835711007,3.627748608653545,4.966368633125697,0.0,0.0,0.0,2.0201696149789554,0.0,0.0,0.0,2.3921993451657455,3.5004323369837786,2.5548169998337635,2.620689186718016,0.0,4.757865175520037,0.0,0.900878749828555,1.1351874392169992,0.8447407088344155,0.0,0.9668590495635223,3.880283834561537,0.6768953092247004,0.0,0.6753135589846301,6.20136387146935,4.770110275504298,0.0,7.2531192888229,6.563751180823618,0.0,4.389598095523954,0.0,0.0,2.6611992123819506,5.456215085381664,0.0,0.0
46,1.5024096e+18,3.0,49.46969971988725,0.0,0.0,18.884244035854223,27.160844751427547,6.0,18.560722189220577,3.91326868344545,8.186587769318956,3.900496216858723,0.0,4.052964860746239,0.0,3.649554711087457,0.7612284314640461,1.6667572638372838,0.0,0.0,1.0938933866012108,4.140592465250111,0.0,0.0,4.3020481720472175,8.015941477283144,0.0,2.8561727581301524,0.0,0.0,1.7715086044372992,0.0,0.0,0.0,2.200312665372537,0.0,0.0,0.0,0.0,0.0,0.0,8.614545049018728,2.190466682884663,1.417901493558478,0.0,0.6760611527305479,2.977992194777175,0.0,0.0,0.0,0.0,1.3588081460618295,0.05246266364296349,0.0,0.0,3.937040403258312
47,1.502496e+18,4.3753903482850784,48.137685398620604,1.2198281328936418,1.061844585833463,13.9665625,33.68012030328003,6.0,21.0000375,7.001585103795625,6.0,0.0,5.180046737052388,0.2314915695474113,4.002845162284512,3.2851075195297663,1.8577148426634402,0.0,0.0,1.111655870683778,1.6194986172591808,0.0,0.0,3.480376704686996,0.0,6.362639371275219,1.1674752445173748,0.0,1.6161297554267724,0.0,7.090494243288756,8.11413231002472,0.7853072862970716,0.0,8.751451234061355,0.0,0.0,3.5460960792896423,0.0,0.0,5.309085935116086,0.0,0.0,0.7440472834679693,3.0592544078994317,0.4106732019016312,5.749529463749551,1.6843512579577582,0.0,0.7452138117541447,0.0,6.467702252995632,0.0,0.0,2.9770293090175457,0.0
48,1.5025824e+18,3.4824625,47.00780874580567,4.223190861204996,7.721460145505831,11.529351837310006,26.9999625,10.0078875,19.8595875,2.501978439936938,7.9662471693716475,0.7845835852990872,1.352425,12.8927875,0.0,0.51275,6.660067248268754,0.0,1.174106239826462,7.063971895889473,0.0,4.02018988212244,0.0,0.0,0.0,0.0,0.0,0.0,3.1743857643569737,0.0,0.0,3.512022477379817,9.209126729039241,0.0,3.0937743595352742,1.6676550953145013,2.689140887775909,1.9789268151786072,2.2655510674488695,0.0,0.0,1.312576556337982,0.0,0.0,4.493642311444211,2.5884477615507504,0.0,0.0,1.5799963674288997,0.0,0.0,2.7074994962997274,0.1765535530100644,0.0,9.225885370152538,4.567619188411422
49,1.5026688e+18,4.0409,47.0221125,0.0,0.0,10.060903592421699,27.165957011296943,18.87612583539424,16.92785,9.504020315685908,8.88104677014477,0.0,6.564023964325012,32.54746895124791,0.0,1.04125,0.0,2.930585686492076,0.0,0.835740140717219,3.6889954801564366,0.0,4.085991175054359,0.0,0.6860918477873204,3.1458589931649716,1.404722821676957,0.0,0.0,0.0,0.0,0.0,0.0,0.4921473142137428,0.0,0.0,0.3193542699155571,0.0,5.637730494302127,0.0,3.8950400526671425,2.0114102487196432,1.7729212971408215,4.8367468246640435,4.365968135409407,0.0,2.654041035472495,0.7622903669567193,0.0,0.0,2.3709401726746013,0.0,0.0,0.0,0.9117181560617265,0.34567522915793647
50,1.5027552e+18,1.075275,46.5261125,6.405731090742168,5.5523404121025335,9.0,17.1287875,21.363155602471082,18.0000375,1.373025,8.06396453349149,0.10956787200843256,4.90015,19.14497915507415,9.276094996384337,11.446754735261877,0.0,1.118008462126324,8.03098113068511,6.090433532736172,0.0,0.0,0.38005169562893026,0.0,0.0,0.0,0.0,0.0,0.0,3.4349940380868587,0.0,8.8772921651288,0.0,0.0,0.0,0.0,0.0,0.0,0.021875,5.999878927989128,0.0,0.0,0.20406401156152176,3.307826572231776,0.0,0.0,0.0,1.9720456730963491,2.364737015139739,4.592095584180108,0.4609146969847628,0.0,0.0,1.4972727139940443,2.944334234739322,0.0
51,1.5028416e+18,0.0,45.4143375,0.0,3.834277706770142,9.0,12.971697495190172,20.272423770799954,23.52176536454907,0.0,7.353497611517068,6.242843815641766,0.8670858886233813,2.9358797309958136,0.0,0.0,0.0,5.674801492167339,0.0,0.0,0.499267860719086,0.0,2.535423548348137,0.653232059939598,0.0,0.0,2.0299688559535607,4.168816868179263,1.7566362380692073,5.756394279447068,1.8997864077042352,0.0,5.175552471738859,3.2138547013677115,0.0,0.0,0.0,2.605008451751489,0.0,4.8038303348354905,5.144081087191871,0.0,0.5906061161294164,0.0,4.184210700275371,7.000697601648621,1.4147456934093863,1.1350519945296917,0.0,1.4444535765940845,0.0,0.0,0.0,0.0,0.0,0.0
52,1.502928e+18,0.0,43.3049,0.5573774007562733,6.175043565802759,10.136040769621491,3.0,21.012225,21.0000375,1.0468859427366606,6.0,0.0,3.8410510565469624,0.0,1.3119722517409287,3.1461099028210864,0.0,0.9950780465668522,3.7061196271260815,5.342229582406122,0.0,2.0341294167506745,0.0,0.14017465980495458,0.0,1.1782748477846596,0.0,0.0,0.0,6.564541929593128,7.261834654951282,5.211001294207561,1.8505876783082618,3.717960108545778,0.0,3.922758477758131,0.0,1.278915502882999,0.0,0.0,0.0,5.0222907843687645,0.0,1.143322443499105,8.768144047392928,0.0,0.0,0.0,6.230636233363044,0.0,0.0,3.1700429137728383,1.1991201494941173,0.0,0.0,0.0
53,1.5030144e+18,0.0005875,41.9999625,0.0,25.3630625,9.0,2.9233625,21.0126125,20.9944125,0.0016,6.0,1.7011494461252503,0.0,0.0,0.0,3.1581535840968464,0.0,1.4162605892758993,0.0,6.6552170235705095,1.7034301268179293,0.0,0.0,0.8025862155167864,0.0,4.5529550428786,0.0,2.3248625,0.48299366094325585,0.007962517072689612,1.4014400189379335,0.0,0.0,0.0,0.0,0.3857332697646482,0.0,0.8637109343589531,2.100783810618836,0.0,0.0,0.0,5.099594736282167,1.6380405038606594,0.0,1.3001159487024858,0.0,7.244715729755234,0.6203575789160436,5.880542159179649,0.0,0.0,1.692665577578267,0.0,3.3152195780508715,0.0
54,1.5031008e+18,0.0,45.021633927196795,1.6229896447074668,47.84908658056783,9.0,9.935074886758873,35.333725,19.368202190100277,3.4258067633482128,6.0,0.0,0.0,0.0,0.3167894312358016,0.0,0.7374314335340069,0.0,0.0,0.0,0.18201312714624623,0.0,3.2790870374118146,0.0,3.6558321664133286,0.0,0.0,3.086021856921902,4.3446180020532825,0.0,4.58493020939882,0.0,0.0,0.0,1.6854559718887587,0.0,0.0,4.420797639453755,0.0010125,6.591502629306754,0.0,0.0,0.0,0.0,0.46679845313757234,0.0,5.349892445178883,0.1560919925066909,0.0,1.9151331727817722,0.0,4.2901950359445475,0.0,0.17980940272057527,1.632114250086574,0.0
55,1.5031872e+18,0.0,41.9999625,2.718600339150849,41.7641,9.0,6.886355270090155,29.2547875,15.370352472790357,12.86108504024233,6.0,4.8549333057498405,2.0696125,34.4608875,0.9851789328619297,4.772517614578385,4.231134572462582,3.9498228373320954,3.9482804056737466,0.0,0.019793254438736498,1.3393045081585255,3.1781844649048714,0.053396654209540824,0.001325,5.769241641078405,0.0,6.12455297018899,0.0,1.1447522560310355,4.330208431773531,1.1295546199354771,2.3885863421155396,0.0,1.534968462840021,0.0,1.67744899478313,2.2858628911702032,0.0,4.6595106824962755,0.0,3.249032431000838,0.0,0.0,2.248877710276909,3.4106175565702497,2.351714470466583,0.0,0.0,0.0,0.0,2.4911166632054877,0.0,0.3603599237257464,4.894778671094463,3.3240632541893147
56,1.5032736e+18,1.6511941578042861,20.6689625,1.183807091239996,22.1455125,4.4291625,1.28295,13.43870423103541,1.225975,2.7363875,7.398385743613298,0.34854177626402344,1.0885342480270928,5.4805660678737675,2.819831096450391,2.7297664321713464,0.0312875,0.8395802360619364,0.0,1.3517617812824732,2.3246803252624963,0.19568510404301512,7.105748845525497,2.7900489558549904,5.754215547736787,3.4120781119927175,0.0,0.5176460476263752,7.550811063416623,2.7495640056252486,5.133088904046988,0.0,6.932015946002372,1.814836637896885,0.0,0.0,0.0,0.8170079728097545,1.326939380981482,0.0,0.0,2.9176676246318114,0.0,0.0,0.9086515294426861,3.8115683320760194,0.806511254819585,3.5991017117955177,0.0,0.0,0.0033,1.3370348396359242,2.7340162874733833,2.2501698191411865,9.603551444816047,0.8449574817129482
57,1.50336e+18,0.0,4.033910894894079,0.0,54.322360404382096,0.0,1.767380051424781,15.481075,4.4832375,4.402381559892462,0.0,5.4776643229738,0.0005625,27.81354460007421,3.1145558265361517,0.0,0.0,0.0,4.147509978350114,0.0,1.9048625,0.0,8.274794526962905,5.098068035198371,1.6327009780243429,0.0,0.8973367667931278,8.389072104272548,8.003832750649822,0.0,0.0,0.0,0.0,0.0,0.0,0.0,7.218521623437483,0.0,2.856964928450638,0.8907580938580779,1.233569882052366,0.460975,0.0,0.0,0.0,0.0,1.0910143381781818,0.0,2.5887275116541515,3.75e-05,1.3470919957979706,0.0,0.0,3.2293588535948623,12.046437168304628,6.0636045737352315
58,1.5034464e+18,3.2681719186454052,5.9999625,4.074101902000353,104.9997625,0.0,8.621534246742613,34.71900647925775,4.8926375,1.0472972530372828,6.080089376365809,0.0,0.0,0.07690667180376128,0.13501344329592596,0.0,0.0,1.8500983306304981,0.0,3.9877218418172085,3.455925127633113,0.5239152890988058,0.0,1.4091510081804575,0.0,0.0,0.0,6.834605771441385,0.0,7.671697123081569,0.0,0.0,4.196459192916062,3.5688862181960235,4.273669015851013,0.0,0.0,4.280624589014439,0.0,0.39113977870928907,4.893594432025107,3.5889411759085106,6.05771955059404,1.1561533858801494,4.075589057207634,0.0,0.0,0.0,0.0,9.379043796547705,11.718040178795508,0.6198284659072413,0.0,1.1014136472258105,0.554253009173177,0.0
59,1.5035328e+18,0.0,4.1868375,4.932930366084709,106.29746672253192,0.0,0.0,23.210652966795454,3.0,6.476256004977987,0.18496241851520667,3.704923600212124,0.0,0.0,6.518521459500845,0.0,3.259060755487839,4.0109522545459075,3.766372752744425,2.468238457904376,3.0,5.245655424723521,3.04155862686142,3.7200792741742945,0.0,0.0,0.0,7.199439290364001,2.580703538100929,7.280863221449114,5.999283542160566,7.004363512024364,0.0,0.0,7.2598717132240855,0.0,0.0,0.0,0.0,0.0,1.6017428880246478,0.0,0.0,0.0,0.0,5.690135406040842,0.0,1.7444757714964865,0.0,4.499520264383191,3.214078698888761,0.0,0.0,0.538988030484922,0.0,0.0
60,1.5036192e+18,8.3847875,3.566120207511751,1.9517881638365484,154.4984789787909,0.0,6.64714106645102,15.9273625,3.0,4.8852369818890775,5.020401767946729,0.0,0.805075,0.0,0.0,5.305164763480009,2.6144823990645927,1.3883098786737051,7.229139569056872,2.557517499904471,3.470505448335915,0.0,4.2735125,0.0,0.0,0.015544084598910999,1.6850103129071123,3.770597119584204,0.0,2.2799484057755257,3.13030967923475,9.372908173880214,3.628775806965774,5.4724726336164204,0.503246058504644,7.9862750896207,3.3061541829635397,1.1589529986675629,0.0,0.0,2.135637987007507,0.0739625,0.6143827909037406,0.0,8.174339390148551,0.0,1.0516285458045525,1.1491617681727735,0.2025772590376791,2.613838331013347,1.6379698858887954,0.0,4.338213013147827,3.5232042257210807,2.4174007578371826,0.0
61,1.5037056e+18,29.9893375,27.553907919497995,0.8210714509123614,159.4707375,5.284788791847886,3.365175,12.922761347129947,4.139283300851941,9.821104693000677,11.63534687986193,9.399876401894819,11.460448702043209,0.0,5.863051037045329,2.3606537325666137,6.266686840487846,0.8734375,4.357998784969018,2.7947583634049744,6.0002562817265375,0.2437447197666301,11.84142761852952,0.0,0.1487875,1.2046470107165312,1.3363874835669545,0.0621875,0.0479613237187899,0.0,4.533855353362475,0.0,0.0,4.977026955539385,4.8121187537491235,1.784013167949396,0.0,0.0,0.0,0.0,3.034718544372261,3.402354758008564,1.0001676849219163,4.205679411519937,0.0,0.2441181762891602,4.329565666776819,0.0,0.3963890076075736,0.0,0.0,3.619964965982758,0.0,0.0034,0.0,7.901517928210021
62,1.503792e+18,62.3467375,36.90260549133175,15.53711345031009,124.9438875,0.6292725561802014,18.255265067825714,13.40812528488165,3.0,4.459283390137268,0.0,4.554942942343231,2.8789488410836834,0.0,2.78700000109199,4.5737535763540995,0.0,1.313925,0.0,7.898838658484355,6.91434246526604,2.34382085800459,1.281782407280911,0.0,3.2129903759143406,6.128016270361225,0.0,7.564827723068462,1.4273224792232129,1.7442005797570568,0.0,2.1678758101136686,4.116883341219849,0.0,7.07172243885144,0.0,0.9254632739130744,0.0,3.311003203646814,0.0,1.36801527701205,0.16524999999999998,0.0,3.2748250015405587,4.769141323118594,2.122582377551138,1.9838336630076465,5.257124842684877,0.0,6.419563736059466,4.552570897493318,0.0,3.4635240810032593,0.0,0.0,0.0
63,1.5038784e+18,83.5711880734642,37.1802375,69.2921375,34.16250268949699,5.260836368181986,19.233711681457876,11.234747279374965,6.4321082979250175,2.2011375,0.0,16.1797125,1.03315,2.1846029704975622,24.5146875,0.0,0.0,3.0,6.2058400898484845,0.0,7.935425,3.645369030599503,2.583973030205256,0.0,3.9613215382092526,0.0,0.0,8.363869102980265,1.2821021402556876,0.0,1.867451277214209,1.9329028120295662,3.143242218626543,0.0,0.0,6.874098009717507,2.1050002494479427,0.0,0.0,0.0,0.0,1.3281367700860827,4.583185810179871,0.0,4.180737528020366,0.41469375576787393,0.941857442135631,0.0,0.24489583563709877,0.0,0.0,0.0,0.008225,0.0,0.5424713006243396,0.0
64,1.5039648e+18,80.0485375,39.42545,87.54095,16.157787129040102,0.0,19.06899456375123,11.199681214493339,5.355354014323398,3.37956519639369,0.1221125,20.918590175555337,3.36925,0.0,42.687621028932185,7.063597870581092,2.724372633420654,1.6867375,3.828038327732788,0.0,17.44668059327521,0.0,0.0,0.0,3.0107625,2.18952940106504,1.1168420245802118,2.945955531587313,0.0,5.385055830974964,0.0,0.2478125,3.164193924563383,0.4090854222206762,0.0,0.2002375,0.0,0.0,0.0,0.14214797825494171,0.0,0.0,7.639707001836838,0.0,0.0,0.0,0.2783744185592126,0.0,5.677080580370658,6.765272433593008,1.9518470430157262,0.0,1.0058575685087647,0.0,4.844963727797021,4.421184172418673
65,1.5040512e+18,142.36776824116527,37.34064844232136,48.3624875,16.648523389962556,1.4240203668259186,11.4158375,7.446525,0.7099978750533446,6.09247236223702,0.0,0.0105875,5.701174291976066,0.0528165650759944,10.56039710087096,0.31495984204859867,3.0,0.0,0.0,0.7854396168122203,5.23766775338742,5.249647120249264,2.0587414644423805,3.547926039455932,3.0,0.8849184557870184,0.0,4.00756790581578,0.0,0.0,0.0,0.0,0.0,3.03032384330978,0.0,1.1639912451733574,0.0,0.9271717835355264,0.0,0.0,0.0,0.0,5.031052871396167,2.750146792854007,0.0,0.0,0.0,0.0,9.349310127593386,2.630214653954782,0.0,0.0,0.0,0.0,1.0672886849791952,0.0
66,1.5041376e+18,172.3582375,33.1852375,22.055948355214404,14.34360538889283,0.0,17.290544606574535,0.0797625,0.0,2.9998625,0.0,1.373125,3.230751540260827,0.0,0.0,1.1610303301063611,7.9510794440494035,0.0250375,0.11707127365396756,2.859814098920521,6.024206241571366,0.47559256564815405,0.0,0.8542016734830018,3.0,6.256193800036826,0.0,0.0,5.814400065952502,4.4002995730815995,3.4144196219762435,1.9562538710203161,5.850619531062173,8.314687776399193,3.486775406212483,1.1935311201817425,3.5271713427647167,0.40463520468517256,0.0,0.0,7.258134320450844,0.0,2.585268576432248,2.5285063057188726,0.0,1.6291474144951485,4.5410913253512915,5.95627870203484,0.0,0.2717295389646557,0.0,0.0,2.2134575935256806,0.0,3.6168914599369733,0.0
67,1.504224e+18,99.44046713764453,25.31172428606933,14.332388012174452,5.7703875,0.0,4.719273406956276,0.7166625,0.7587182321931366,2.611611054472135,0.2356,3.077620092391072,1.99055,6.623930052578803,0.0,0.0310375,1.73195,0.08445,3.4453015340353708,6.14811041141223,0.0118375,6.643613163238983,4.273847035233796,4.739853916442396,5.977981343835717,0.0,0.0,0.0,1.6158015938315948,3.176815047048411,0.0,6.974932111039376,0.0,0.0,1.2769861246468655,2.0776490012643167,0.0,0.0,0.0,3.261624794911756,0.0,0.0,3.2208371476822046,0.0,0.0,1.542853847827995,6.574607427858503,3.4651590161252614,0.0,0.0,1.162206837900086,3.009258728444259,1.5142180580908515,0.0,0.0,1.6790612676235834
68,1.5043104e+18,103.86031930677515,8.8588875,5.831148422748426,0.35615,0.0,7.359814523757728,0.4291375,1.1051375,0.0,0.6727562310517561,6.938521817019195,2.123777834274535,0.0,12.81115961175879,0.014725,4.534441259875978,0.9355577818017599,0.0,0.0,0.0,0.0,3.833299710401689,2.312932836306755,0.008025,0.7643581722149075,1.5481144559701634,0.0,0.0,0.0,0.44361554503477174,0.9670940952779331,0.24729396176453558,4.007618234126127,0.939676177340229,0.35045,0.0,0.0,0.0,3.4187676582067366,6.657325191031589,0.0,1.117130716615477,0.4341459969651032,2.303974118024673,0.0,0.0,0.0569125,0.84773643026642,0.0,0.0,4.352655800879715,0.0,2.269347650597171,3.2439481193653017,0.5592910280966692
69,1.5043968e+18,172.0806625,24.89501237720192,4.9331875,3.379424408138809,1.0213289745700878,0.0,4.9284625,2.44205,0.0,2.4748744644502843,12.80955,1.7661,4.289092342238813,8.1742625,0.35265251957590477,0.7206881635838973,0.0,0.0,0.0,0.0,0.0,0.0,0.0,0.0008625,3.2080790128119467,0.0,0.0,0.0,0.0,2.078226286426447,0.0,8.428070489083963,1.5030560904729247,0.0,0.9148625,4.879917909879985,1.6638729349618282,0.0,0.0,4.050486658656937,0.0,0.12406245867182436,0.4339478726676543,0.0,0.6824081846649447,0.0,0.03664692200042254,3.2716176134734862,6.924450946042548,0.0,0.0,2.2513785125185226,0.010635754793967592,0.0,0.0
70,1.5044832e+18,136.3745125,27.079175,35.58498110836946,7.167892435964266,1.1163058000793655,1.1562989561216979,10.574710984709734,7.672720295200783,2.8457274834340516,0.845097417935859,4.5458625,11.175632756338118,0.0,6.8129875,3.123376541792088,2.68945089451591,9.955977970218486,0.06753810092211508,3.5874054151821033,2.2083863201893887,0.0,14.80121681431647,2.5586425571858413,0.422766937835247,3.5599979791427447,1.7455023047182374,2.677434244911808,9.712511239380692,1.025429841044534,3.3053902037337224,0.0,2.7593451572979357,0.0,3.8939604383207023,0.0,5.977928862428409,1.8576236209321197,0.0,0.0223625,0.0014625,5.022843248350233,3.6394762781855743,0.0,0.17119514752301165,0.0,0.5782704310879667,0.0,0.0,5.144325930267342,0.4347444341927151,0.0152125,5.064410160073154,0.0,0.0,2.9819725604381566
71,1.5045696e+18,171.12580726130906,26.8175,67.6802790436641,9.71634354856852,0.44222851907545035,0.0,7.54125,4.1668,5.08055028369496,1.3225982161415597,1.1084491597459967,3.321817606987039,0.0,0.0,0.448875,2.9999375,0.7759467942614832,4.4241432909580025,1.3209375,6.705120982342499,3.2615867492175905,1.8198602445639025,0.0,0.8197274570654858,0.0,0.0,0.0,2.633706232804224,0.0,4.074045940756171,3.266230918521473,0.0,5.718139225350226,3.0505111046713957,4.417252969726686,0.32393253255096277,3.140284080000543,0.0,0.0,0.0,0.0,8.308310466071697,0.0,3.362573573470865,0.0,0.0,0.0,2.017815374495205,6.263231693617987,0.0,4.491364719910162,7.2998648557549775,0.0,0.0,0.0
72,1.504656e+18,174.60051009050707,29.32761568379441,84.176975,13.35943365687201,0.0,0.0,7.365660574214594,4.315239268468613,9.363708393868638,0.0,1.9577125,3.0,4.556324535038708,0.7318742410330822,1.7923935194861014,4.287578734550855,3.611765695174303,1.00502684716659,3.0,0.0,4.542653870012129,7.857064125788493,5.808895706145224,1.7967659417973456,1.2483397162920093,0.0,0.0,2.7872393744480277,1.525992977416553,0.0,0.0,1.5117565798040442,0.0,0.0,0.0,0.0,4.083038723054823,0.0,6.062348664168942,1.1374190335655274,2.5549784673004057,4.827782383212,0.0,0.0,6.186764977720792,7.383330068737867,0.11428542591511566,0.0,1.7191244237819503,0.0,0.0,3.150593364576404,0.0,1.9575203274766835,0.0
73,1.5047424e+18,171.82578122943494,31.022009377387345,88.68235455404934,6.3825625,0.0,1.475214970800641,4.610725,5.304895362176728,8.314825,0.0,4.039736346584684,3.0,3.4838956523713116,0.6379327260740844,8.234842476249094,3.0,0.0,0.0,1.679925,1.5205995770194087,0.0,2.500714681509618,0.0,0.0,0.0,7.5948797367328975,2.6375064241926123,0.0,0.0,6.574328026043584,1.4624854903280247,3.425699481271473,5.156087747722517,0.0,1.5819978304754623,0.0,0.0,0.0,0.0,0.0,3.1725516145955686,0.0,2.366915508425785,4.1157232025094075,2.947501679390318,3.479578584422646,1.5486946771570353,3.059343354111757,4.913051693170421,2.7174952976163715,0.0,4.996940566291481,2.911557401922318,2.466092334091779,0.0
74,1.5048288e+18,150.6995125,30.296932536349857,62.54305,14.24500004777222,0.17406331278014067,0.97365,3.0,5.935662385924151,2.51867378312536,0.0,14.94343346476306,2.703772033464637,1.8170142363603505,10.938500805977386,0.0,3.0,1.1917827934208602,0.5085005239147384,1.0968522817549329,2.727449257783367,0.0,2.915405592839499,0.9424241359976022,0.0,1.4840119037618242,0.8202385886244132,0.0060125,0.0,0.0,0.0,1.7198254721043218,3.857782794769393,0.0,0.0,4.976738497282002,0.4356404520906318,0.0,5.222918462075339,0.0,1.5772606860023985,0.1440625,0.0,0.0,0.0,0.0,0.0,3.1681893688764404,4.9872420069822985,0.0,0.8832865770604449,8.315622972518012,3.339801153520689,0.0,0.0,0.0
75,1.5049152e+18,170.40896858986355,22.8235375,71.09071934251382,13.239618585814,0.0,0.0,3.1343375,12.850940392529317,0.0,4.250092658371168,14.160165693559428,5.247560764736755,2.006552494934599,0.9744875,1.8987724853236638,5.500971460695373,1.0867,4.18056112602096,0.7150917093636727,1.1113396210588948,3.4550136562836635,0.7763293145880802,0.0,10.709381999526668,1.9181060290156848,0.0,0.09589002399200008,0.0,0.0,0.6108583204656184,7.54743530038165,2.715904250204743,5.656821983758394,4.333001631416352,0.0,0.0,0.0,0.0576857705648712,3.965826135529248,0.0,5.2649355003373035,0.1478203584776111,1.6151233609603264,4.853988724477251,0.0787875,4.230722747029155,0.0,7.6487519145104,1.3293769559090107,9.15243659255002,6.427735125658626,3.1568051308917755,0.0,0.0,0.0
76,1.5050016e+18,179.96006702630658,24.344125,81.79024395414946,15.61284164089256,1.6286315160869622,0.3642839484362514,6.833347578185613,5.1934375,1.5003875,0.0,11.752886314496118,0.0,0.0,17.459025,2.3070623039484928,2.0699692101802696,4.7722343733498,0.0,0.0,1.3928725119582646,0.0,0.8642865321929066,0.0,0.0,0.0,0.0,0.0,0.0,0.0,2.911781446082401,0.0,4.432218635085117,0.03416549521708566,5.792687865595836,0.0005875,4.87327951820595,0.0,7.087214161589742,0.0,0.0,0.0,2.527203442829797,0.0,0.0,2.0912060281496188,0.2718590490764987,0.0,5.919035590563203,3.2041916555458196,4.181057991923066,0.0,0.0,0.06519415611074258,0.0,2.4247145560768604
77,1.505088e+18,156.79525,23.3834375,84.29400451548835,11.578984463892473,0.0,1.9493406436932077,12.779297285901468,4.7042375,0.1209375,1.100565118981803,10.2985375,0.0,0.0,0.0,0.0,0.0,0.39715,1.2791242000963503,0.0,0.0,2.654164082984572,0.86586009770634,4.506580782593108,0.185942273961187,3.68449402487127,0.0,6.340016400960119,6.225178197085322,0.9942542313981285,0.0,6.574396501857572,0.0,1.7330210101214811,0.0,0.6222348651416199,0.8124884512520752,0.0,0.0,1.2724630881809653,0.5379875,6.174108509800147,2.6955995270826985,0.0,0.0,4.846799947918036,0.7601838142776994,0.0,0.0,0.056424956032193906,0.0,0.7937150694911734,0.0,4.453717859941904,0.0,0.7263723865216244
78,1.5051744e+18,191.7980125,20.9999625,76.8776875,8.159689959954045,0.0,0.0,5.7017375,4.9103125,0.0008749999999999999,0.0,3.560175,0.0095875,0.82732819613119,0.0,0.0,9.338027633057106,1.050725,4.579873459132941,0.47833039321518744,0.0,5.90116582446626,16.64293647531441,1.3604434736082225,0.0,0.0,6.582171998636974,0.20448377348416963,3.539459996435696,0.0,4.083775020957844,1.0821388488313772,0.0,2.861577520986464,7.069760966670208,1.3137641461226834,5.9243764743963485,7.603700471221143,0.0,6.1609754101394865,0.5360375,2.011643851717091,0.0,2.8164896568072484,0.0,0.0,0.0,0.9125801260571182,2.474389170990834,0.0,0.0,0.0,7.182067290645538,0.0,0.0,5.728602564846891
79,1.5052608e+18,154.33966661281852,21.77649163011553,93.37781582779667,5.6655875,4.89700747224797,4.115911137980453,11.3351375,2.42625,0.0,0.0,1.2825375,2.893838767717701,7.3837653301201644,0.0,0.0,0.0,7.7239610884963,0.0,8.522748043704494,0.0,6.7608753080579955,3.961454729872254,1.913426019324617,1.975689785324835,0.0,0.0,2.757482309140848,0.6841677538777383,1.5089041828305059,0.0,5.481358713523334,0.0,0.5325731716059827,1.0816251419649798,2.774310163951727,0.0,6.097666607262241,0.0,0.0,0.0,7.6442404412470815,0.0,0.0,0.0,0.0,0.053473244516426974,6.677323668418514,0.0,2.0885924714255113,0.0,3.54858090123179,4.688364857421616,8.980953503583256,0.0,0.0
80,1.5053472e+18,91.33225,16.06767014642361,47.28853021574197,6.959573826710826,4.033905912092509,4.639130825623258,18.276693992344278,0.0,3.6212832069674636,3.161560581796897,2.7298625,0.0,0.4399267057378213,9.131461118052725,1.4349808520436087,0.0,1.9498625,5.0142788066328725,0.0,0.0,1.925112225320199,0.0,0.0,0.9186136774037378,0.0,1.7729671174948736,2.397800866784063,0.0,0.0,1.3326624819432369,0.0,0.0,1.4803859564463921,2.912290033888742,1.7014328979789612,0.0,0.0,1.535341430115059,0.6807242247083523,0.0,0.0,0.0,1.3825462795504957,0.0,1.4144267016657759,0.0,0.47775526563079357,0.0,0.0,0.0,0.0,4.519102419802854,0.0,5.278216696582217,0.7290454735689254
81,1.5054336e+18,134.71223952214953,18.114319965306017,44.4485,7.2837850336926095,0.0,2.057456474070537,8.5471125,4.089714685213754,2.1515625,3.775603931774654,15.30588725449838,0.0,2.3783034151115072,1.16394286271358,0.0,0.6745810896850646,0.184825,3.9865624568360323,1.2214281932001538,4.227428210702525,0.0,6.814856642511725,0.0148625,0.0,6.837719759359008,0.8119424447664297,0.7158998810720966,0.0,1.8167018774739714,5.125609432968313,0.7467323907957574,0.9927910221730607,0.0911125,0.0,0.0,0.0,0.0,5.234551514191611,4.311023173261907,0.0,0.0,0.0007,1.1425810945221548,0.40109424552732154,3.7854958384465562,2.3957904855766756,0.0,0.0,0.0,0.0,8.055416370955509,5.328234862085048,0.0,0.0,3.620703053745764
82,1.50552e+18,223.3532985844758,15.0,57.700839988748506,4.5609375,0.0,3.0790002566946764,8.02715,3.3249625,2.5803825745937425,0.0,15.682783362692303,4.57308547018955,0.0,2.29298628224834,4.12982451958496,0.0,0.0,1.8568503108611798,7.12027758364031,0.0,3.212401480148159,0.0,2.773432096823116,7.629228977554508,0.8491607340711343,5.348364243411746,6.652768239654468,1.9243730978639553,0.0,3.596780598149136,3.2288464417615224,6.175609401636499,0.185,3.2317942620863334,0.0,4.60661538506202,4.5168194075298995,2.3644182341969855,1.9372253403337143,1.7756081127977172,0.0,5.81290960014234,1.8620405183228643,7.735678901697645,0.08378840423732871,1.703884546749177,0.0,0.0,0.9864135649020146,0.0,0.0,2.4969656207884676,2.74247160981863,0.0,2.835541302376175
83,1.5056064e+18,168.0476375,17.24926133412214,70.0694,10.770926014037682,0.0,2.5956713828467697,5.427477365390657,9.685264113957981,3.0814875,0.1896032917824595,13.885063414346773,7.083408642894387,0.0,0.5065625,0.0,0.0,0.0,0.0,2.333598936795165,0.0,2.2566870233207372,0.0,0.3392125,0.4637476316607712,0.0,1.8880386583975268,1.12135,0.0,2.120640772405449,2.9999625,0.10232915110373372,0.0,2.0891375,5.255144201252087,0.0,4.1335022390552165,2.6293747469558144,0.0,0.0,2.9531673581178364,0.0,0.1460375,0.0,1.247263255586949,0.0,0.0,0.0,0.0,0.0,0.0,0.0,0.0,2.214643192184212,2.4534558938324174,3.680255435441066
84,1.5056928e+18,143.85952906829468,15.853144385709564,26.76240056096257,32.21304252459781,6.981613887579999,0.6857187998951672,8.1825625,3.7060430559386575,2.9471625,4.26065969624283,24.09365,3.687191564437642,0.0,0.0216,0.608275,3.555078137053207,0.7480875,0.0,0.7056332433784573,4.653053682799978,0.0,0.2735078715773776,8.221380086267017,2.0782534780576887,0.6649509612152059,2.465246098750786,3.0,2.7498232627542984,0.0,3.9179082280213287,3.286325227049652,6.87438669813708,0.7277125,0.0,0.0,0.6636863024766347,2.088759210227196,0.0,2.9452402624193703,1.4162723709326555,0.0,1.954208390454706,0.0,0.6070309449445619,2.2333033727939093,0.5712274368803709,0.0,0.0,0.0095375,2.83665614261576,2.3161733986635085,5.8625073382982755,0.0,0.28220080981567575,0.0
85,1.5057792e+18,125.95386811704944,17.646709479157995,19.1704375,8.2993505949403,0.0,7.679534456744124,27.15511827320372,4.347775,8.622275,0.0,21.99637073387683,0.0,0.0,0.809710157571852,3.3400302284658565,4.075736282964611,2.4841,2.880316556019188,0.0,0.0,0.0,15.001028983451825,7.9142375,0.9628793505492997,5.457732812670439,2.4122929400716293,1.879025,0.0,0.0,0.07642824993682867,0.9650125,4.119412823166051,0.0,8.613792394445888,0.0,3.224935567729754,1.196826488387216,0.0,4.957702573008067,0.1993792859454017,0.0,4.495649302523325,1.4167183559410201,0.0,1.7328746918749127,0.38658233283141696,3.4662620700478564,1.6108515648404103,3.59475452183403,0.0,3.0997534958829687,0.0,0.0,0.0,0.0
86,1.5058656e+18,101.9669375,19.60735165179642,16.288229252069797,1.2554125,3.0646200976530675,0.0,22.7968375,8.358791231832384,14.110650082896449,0.0,11.754975,0.0,1.8917748755419972,0.0,0.16594292913541678,0.0,6.78692073077689,0.0,5.65139952634438,0.0,0.0,2.9131992602395713,5.9999625,0.0,7.144895062467472,0.0,5.025721046664543,0.0,0.0,0.0,1.0513683647429786,7.688377825207583,0.0,0.0,0.0,6.151451355543361,0.0,3.1034121513615127,3.071121211935301,3.1746261013560653,0.8615341551447862,4.177679376819526,2.406833028916803,0.0,0.0,0.0,15.323562054555403,0.0,0.5353341531019983,1.6368499717948206,1.102127370865764,0.0,0.0,0.0,0.0
87,1.505952e+18,83.02525943302858,17.384796188969183,20.5136375,0.0,0.0,1.8237728104076678,4.914550891311399,4.67495310784684,8.233039179805228,0.0,2.5547678879550766,1.0459785602259377,3.92721506487788,0.0,0.0,0.8043210771197471,11.15282568382688,0.0,0.0,0.0,0.0,0.9488202046765122,5.9999625,8.143705224613774,2.254729002688154,6.77144648593383,0.0,3.0261082699017665,2.1080080040276314,3.238975957616401,0.0,0.0,3.068690525338275,1.4520953232624438,0.0,2.984180394946888,0.0,9.818705832810773,0.0,0.0,0.0,0.0,3.4400007227730804,0.0,0.0,6.095012383456851,4.019574442342707,0.0,2.333245435850282,0.0,0.0,0.06493369758664222,1.3765541813640787,3.10986926004275,0.7892587959614088
88,1.5060384e+18,39.343325,6.136775,45.86681495137528,0.0,4.791448640850446,5.256148354061417,0.0,1.8302616592212604,14.572805690186389,0.6832406354809948,15.589915698624068,1.864147888670622,0.0,4.266525,1.7247381983492485,2.6888620465235022,3.955275,3.9964639500240646,3.4409544024481016,0.7295706670878774,3.1918003166728486,0.0,3.657205808437767,6.658150320967735,6.943178456011023,0.0,2.0079552267146905,4.570432417986294,2.71296729710919,0.0,8.309551527898467,1.519777324533212,1.684639102822435,0.0,0.3380916072463465,1.6767895555302288,1.14885,0.0,0.0,0.0,0.0,9.349379675363013,2.403141210956019,7.125257454430832,7.159703638831667,0.6913128752272597,0.0,4.523905012360967,0.0,0.0,0.0,2.691919494639196,0.0,0.02565330960473301,11.21764576138761
89,1.5061248e+18,14.729607449299705,7.118577599125992,21.062797385190407,0.0,0.0,5.218008352708181,2.36774746796402,3.406272327229509,6.868042517373247,0.0,0.15535,0.0,2.485363294539792,0.1013875,0.9251637028744218,0.3884784046329554,2.219375,0.1004941116152244,3.4269726165315815,0.0,0.0,3.9000014965387084,0.7611723271069766,0.0,1.6982092067243089,0.16472676030112893,0.033125,2.6229360264129156,6.531475959790092,0.0,2.025622382824013,6.144630331735719,1.0136030549403987,4.399814728845351,0.7598630036997126,1.247575,0.0008753530906301273,1.6627238201149173,0.0,1.5323854397582286,0.0,0.0,2.65765412990549,0.0,0.0058625,0.0,0.0,6.255865030756584,0.0,0.0,2.137174439388664,0.0,0.0,0.0,3.384669595301812
