,Day,[Nidorino] Wall Hours: Per Job,[Wigglytuff] Wall Hours: Per Job,[Oddish] Wall Hours: Per Job,[Paras] Wall Hours: Per Job,[Raticate] Wall Hours: Per Job,[Fearow] Wall Hours: Per Job,[Ninetales] Wall Hours: Per Job,[Bulbasaur] Wall Hours: Per Job,[Arbok] Wall Hours: Per Job,[Nidorina] Wall Hours: Per Job,[Jigglypuff] Wall Hours: Per Job,[Weedle] Wall Hours: Per Job,[Blastoise] Wall Hours: Per Job,[Golduck] Wall Hours: Per Job,[Pidgey] Wall Hours: Per Job,[Clefable] Wall Hours: Per Job,[Zubat] Wall Hours: Per Job,[Nidoking] Wall Hours: Per Job,[Dugtrio] Wall Hours: Per Job,[Mankey] Wall Hours: Per Job,[Pidgeotto] Wall Hours: Per Job,[Primeape] Wall Hours: Per Job,[Kakuna] Wall Hours: Per Job,[Parasect] Wall Hours: Per Job,[Clefairy] Wall Hours: Per Job,[Meowth] Wall Hours: Per Job,[Pidgeot] Wall Hours: Per Job,[Caterpie] Wall Hours: Per Job,[Spearow] Wall Hours: Per Job,[Rattata] Wall Hours: Per Job,[Golbat] Wall Hours: Per Job,[Venonat] Wall Hours: Per Job,[Wartortle] Wall Hours: Per Job,[Ekans] Wall Hours: Per Job,[Gloom] Wall Hours: Per Job,[Sandslash] Wall Hours: Per Job,[Vileplume] Wall Hours: Per Job,[Sandshrew] Wall Hours: Per Job,[Venomoth] Wall Hours: Per Job,[Metapod] Wall Hours: Per Job,[Vulpix] Wall Hours: Per Job,[Ivysaur] Wall Hours: Per Job,[Diglett] Wall Hours: Per Job,[Persian] Wall Hours: Per Job,[Pikachu] Wall Hours: Per Job,[Squirtle] Wall Hours: Per Job,[Venusaur] Wall Hours: Per Job,[Raichu] Wall Hours: Per Job,[Charmeleon] Wall Hours: Per Job,[Beedrill] Wall Hours: Per Job,[Charmander] Wall Hours: Per Job,[Charizard] Wall Hours: Per Job,[Butterfree] Wall Hours: Per Job,[Nidoqueen] Wall Hours: Per Job,[Psyduck] Wall Hours: Per Job
0,1.4984352e+18,3.0,2.822929545,2.49465122562997,3.0,3.0,2.35783125,0.014350786952051886,0.0,0.0,0.02361561879104401,0.0,0.32831829557511494,2.99998125,1.143263130317774,0.008441540909311393,3.029714782080494,0.00657916625,0.0,0.0,0.0,2.9380713997866232,0.07885376467421094,0.023264075007583297,0.0,0.5819927115316537,0.0,0.02122629027527979,0.020442067960354065,0.017692768674433774,0.0,0.63065,0.0,0.03226493550362938,2.78833854125,0.058069221775786675,0.03174777994940305,0.0450175,0.016872052181246218,0.0,0.0064843791236115665,0.0,0.0,0.0050810296376732735,0.44952083375,0.0,0.01569937796511744,0.004304793578716039,0.0,0.05990559767996294,0.0,0.011384468036624707,0.08108582831327421,0.05483723731205806,0.0,0.0007011623033523256
1,1.4985216e+18,3.0,2.03484903875,2.4315440054314377,3.012095754150874,0.562659601777929,2.5011849169446485,0.0,0.005601139273413326,0.021221490450725,0.06340794902005081,0.0,2.9327845339509255,2.16310625,0.6950082258922539,0.0,0.04626732347626572,0.016989724080447213,0.011444271785441011,0.0,0.03229190415704403,1.6440321975,0.0,0.0,0.0,0.24072444798517764,0.00564324092229392,0.0,0.05005243797100228,0.0,0.039444328969854336,0.0879875,0.020699815424429762,0.0,2.48552109375,0.0,0.048736069615512786,0.0,0.08579921875,0.006908930827471023,0.004903113789495558,0.01357503449057677,0.060095228516192034,0.03042144381169279,1.05291,0.006981818007063387,0.1302983596518915,0.0,0.0,0.017777003100411425,0.0,0.0,0.0,0.0,0.052757135591936295,0.0
2,1.498608e+18,3.0,2.358622566051053,2.56253110125,3.0,0.0,1.301281447210865,0.0,0.029022390285208678,0.0,0.0,0.0,3.0,0.0,1.78364886375,0.0,3.0798037909157294,2.4393298362517752,0.0,0.024958263683003558,0.008834117844406754,2.721838095,0.020972721236672563,0.0,0.0,0.0,0.009475409194423285,0.042579364784849444,0.030091001449288994,0.0,0.04152295382865944,0.028677630344901065,0.02730977562792254,0.0,2.659386835866311,0.0,0.0,0.0,2.9999625,0.0,0.0,0.07281313125342767,0.02699106946939906,0.010951134347342304,3.0,0.0,0.04832779146968734,0.0,0.02021285556849269,0.008929865536093443,0.07166490730773731,0.004767986140948039,0.04599161627955261,0.0,0.0,0.0
3,1.4986944e+18,3.0490769189135727,3.0452941439116006,2.779343145,3.0,0.020467375795449997,0.0,2.926736758571475,0.0648702454159001,0.35783312802119566,0.04660839426282653,0.054205753551034457,3.0473129090694853,0.0,1.1938406060584374,0.016364334638505472,3.0,0.20121640072662184,0.0041234377831147785,0.0,0.0,2.5600292344870286,0.0,0.0,0.01693807053855531,0.0,0.0,0.03775968505110146,0.021864453979152456,0.006595357541307971,0.0,0.38331125,0.04013303522813244,0.0024458457762883455,2.88811818125,0.06508314902499493,0.0,0.0,0.03042708375,0.014755281253663533,0.022962413139792266,0.0,0.018166989477061486,0.0,3.0,0.0,0.0027653166927659348,0.0,0.0,0.05571450586798532,0.051011326598597764,0.005167028889249389,0.0,0.002361103383460016,0.02932615808663122,0.0
4,1.4987808e+18,3.0,0.9879912506128021,2.20779102125,0.50026666625,0.09100185756243438,0.06446021525410704,3.0,0.006712678650895871,3.0578080129135925,0.015822532647068864,0.1860375,0.16741666625,0.9126,0.62097867625,0.0,0.05574199153434166,0.009443062983199453,0.016143806785272115,0.01679904340855392,0.0,0.72321696375,0.0,0.019593942163766805,0.054440196910375875,0.1585506271409364,0.04930449005352409,0.0,0.0,0.0011411340290603872,0.04272159156874773,3.04117317190111,0.06232756582733284,0.0,0.906123125,0.0,0.0,0.0,0.05022083375,0.028008075533168038,0.0017062262712263618,0.022353831061285887,0.0262806917449175,0.004054931743586708,0.4536238982869061,0.0,0.0,0.004598998989603058,0.029256446055748998,0.03191689327586643,0.03267457651689655,0.05533313602145087,0.0,0.05163962166085959,0.0,0.019614442722284457
5,1.4988672e+18,1.859825,1.87620681875,2.449164053163488,3.0171570124057205,0.03766900820162772,0.0,3.0,0.0,0.13135,0.0,0.1043984733629201,1.1294,0.670265,0.17874784877676764,0.0,0.99315833375,1.5004282843492665,0.0,0.0012881860237410753,0.08834940975187568,1.407634717186815,0.00745204285611839,0.0,0.0,0.2963375,0.0012610144912042816,0.030322726908894808,0.0,0.0,0.0,2.00069166625,0.0,0.0,1.5240261725,0.014472401124615442,0.012095816312921353,0.0,0.0183140625,0.0,0.0,0.004043566303676723,0.0,0.06756942017915693,0.02619117625,0.0,0.020045560997246956,0.0,0.0,0.0,0.0,0.028180755622278106,0.06551247945847569,0.014363675793139352,0.0,0.006067081239074254
6,1.4989536e+18,0.0,3.0,2.2332137032642434,3.0,0.0,0.0,0.96625,0.06885217816300056,0.00022561814387215737,0.03922323363601256,0.0,2.9999625,2.1522568265977595,0.2116846775,0.0143652482480413,1.5062448619490114,1.5543053455274851,0.041553743822834284,0.0,0.000925,2.579841299976617,0.018191332645487848,0.1656625,0.01663729614288228,0.9733969543885989,0.0,0.0,0.04005846405763479,0.0,0.02832774185414529,2.03273333375,0.0,0.0,1.08104947875,0.0,0.016884746693396777,0.0,0.0,0.027246034593251398,0.0,0.0720208007274747,0.0,0.0,0.37304426930182866,0.0,0.0,0.0,0.0,0.04918746085003417,0.0,0.0,0.0011125,0.018245539035165383,0.0,0.0
7,1.49904e+18,0.0,3.0,2.5109294694208657,3.0614012558069064,0.0,0.06451863609627084,0.42208333375,0.0,0.005942866269513106,0.0,0.0,0.05954403966078435,1.52168125,0.8310053575,0.0,2.5825,1.75914166625,0.01820656328603282,0.0,0.0,1.1995579661591973,0.0,0.033455583812370925,0.0,0.0,0.0,0.01637990210199913,0.07116252401469271,0.013253660892209192,0.0,3.0067003608262524,0.0,0.0,2.544029605,0.0,0.0047126115111734606,0.03631295490275345,0.038166510789517126,0.0,0.0,0.05050113608953491,0.0018144607681018438,0.0,0.055254259429674546,0.042002765832753655,0.06622432855987373,0.035822986076929374,0.0,0.0,0.0,0.0,0.005830756108428083,0.0,0.011720858577300253,0.004550185414588295
8,1.4991264e+18,0.0,3.0439733900345702,2.8265743425,3.0,0.0,0.2082,0.6046875,0.012995158839828918,0.028890033055653873,0.01765653870428047,0.0,0.009283986770803634,0.86669583375,1.7233525,0.0,0.04114129464302697,1.453378125,0.05086872896332568,0.0,0.0,0.60009615375,0.0,0.0,0.011350231935910022,0.4906239575399054,0.01578153363581216,0.04583599597244879,0.0,0.015683189211372697,0.004953103062696832,1.14125,0.04700505523234431,0.019612868139278074,1.7659817283866024,0.05048826583012841,0.05692523004522121,0.03435588614636627,0.0002148542515586864,0.0352135354786535,0.02892032130591279,0.006506213965108273,0.030086660706066384,0.043002010439275117,0.23029179468861602,0.041771582927402295,0.8753190116662565,0.001368892838097706,0.0,0.009230370800987911,0.0,0.03012298959867448,0.1296063046510691,0.011558666032240983,0.0,0.0
9,1.4992128e+18,0.0,3.0,2.889995596937732,3.0,0.0,0.007415920169621201,3.022133671149043,0.0326834208293348,0.04199543716809962,0.0,0.0,0.0,1.7376568802639534,0.4543965275,0.050148165161828795,0.0,1.6662441588056105,0.0,0.02342283179938009,0.03515661861791069,0.33559824612534384,0.03104701911131427,0.0,0.0,0.0,0.004074288140424581,0.0,0.052077815132922874,0.033967401117152116,0.012135454116092063,0.06525417663550298,0.003785027182661713,0.0,3.0141487270552902,0.0,0.010406463355030822,0.0,0.07707898867606096,0.056345573766795325,0.003225011160606786,0.04901937216519048,0.0,0.08616069460031964,0.0,0.0,0.5459,0.0,0.06522735533722614,0.0,0.0,0.0,0.02709028608099148,0.0,0.06020862571660847,0.0
10,1.4992992e+18,0.0010876171790140119,3.0570757667209834,2.9708449225,3.0221937109723864,0.0,0.037035730626035435,3.0,0.01736674394429601,0.0,0.0,0.018891055500663518,0.7331546732230754,1.3070766711233681,2.219396424422896,0.07262091019885043,0.035672569420044334,1.340346875,0.030446906809161966,0.06736580952879921,0.0003468513702829462,1.0501378469046347,0.0006792699049759407,0.0,0.0,0.06277624405151194,0.0404681991933049,0.05329055602576931,0.01719403304992105,0.0,0.06576885384470602,0.027729826915143505,0.03394758686881881,0.051547559370291034,2.99999296875,0.0,0.0,0.0,0.022205977076978755,0.0375285233797787,0.0,0.0,0.05150892198330272,0.0,0.0,0.035796769981499686,0.0,0.07019830052288589,0.023997454012011823,0.030559846335649957,0.0,0.02014570843073341,0.005553797402886545,0.0,0.029172985411292575,0.019195304089934723
11,1.4993856e+18,0.11905524289211109,3.0,1.49048571375,3.0675816309427195,0.07856581387609411,0.000717590404717931,1.7789291806222503,0.0,0.012675,0.03832101617929039,0.0,0.7422,0.2949005011707174,0.09485275359575698,0.0,1.8011125,0.7128625,0.0,0.0,0.0,0.87853284375,0.0,0.008750213726212928,0.0,0.009539017906168231,0.0,0.0,0.0,0.05103345761406963,0.006091311909915888,0.008823725000000001,0.01887563384470581,0.0390605885379457,2.5470164753692472,0.058383388839506854,0.0,0.0,0.01068096608369944,0.022333495824766517,0.021883053375238614,0.0,0.029826028005938667,0.0,0.04597807890703695,0.09896270688257813,0.0,0.0,0.02501360911949817,0.0,0.007407285575812684,0.0,0.012761418968710008,0.016019818407836135,0.0,0.0
12,1.499472e+18,0.05681333604497076,3.0,2.84203669532096,3.0,0.02642588458965234,1.0023908873895153,3.017399824710155,0.0,0.02623739792668431,0.09337626554531003,0.0,0.6852126253947788,0.5499117406153551,3.009422055790657,0.0033365506794302753,3.0,0.3741375,0.0053553472025776525,0.0,0.05091785990416309,1.0744843279839515,0.037541413017831995,0.0,0.00596852838549146,0.05679494851689493,0.0,0.013570174910014879,0.0,0.07198472547437121,0.0,0.11579554736344518,0.0,1.361121875,2.99999659125,0.0,0.0,0.03718026732900196,0.006334039359598096,0.0,0.007663943444749649,0.1388198138131102,0.0,0.030874166176134917,0.0,0.003666134041440667,0.01388369357905225,0.0,0.04575578349474384,0.0,0.0,0.0,0.0,0.02020662854980215,0.0,1.875e-05
13,1.4995584e+18,0.0,2.90284791625,2.9696629121074944,3.0,0.0065587728558940675,1.7409375,1.648862050874702,0.038656887605660016,0.053573916822443925,0.0,0.0,3.0367074505464835,0.047057000888514555,0.7408931763353572,0.010765619392703582,3.0,1.485555154087271,0.056708845327172686,0.0,0.0,0.9499475792037371,0.016335022286117246,0.0,0.013882439097588952,0.0,0.0,0.0,0.0,0.0,0.08627898862307483,0.42343427781171766,0.027567051543714766,0.005725,3.035014931925055,0.0,0.035830202123061844,0.048600951916626584,0.0,0.0,0.0,0.09149581312447412,0.058087621593641024,0.017028916289543776,0.017898239501694033,0.0,0.0,0.06062123187185201,0.0,0.0729709018681432,0.0,0.0,0.011685023288728207,0.0,0.00024213966256960532,0.0
14,1.4996448e+18,0.017723063588869263,0.0,2.92249477875,3.0220801421957297,0.0,0.0,0.0,0.0,0.0,0.03911492324519133,0.0,1.13198875,0.022833158373688187,0.4189875,0.0,3.0,1.49998125,0.07720476423645588,0.0,0.025171963294722186,0.7853180925,0.0,0.03870668081545156,0.009634330087644468,0.0,0.004146824199528649,0.0,0.0421986536423231,0.0,0.05428007132977325,2.226525,0.0,0.008169855464058769,3.0263410582468784,0.019190242574959004,0.03660977439637272,0.061999968829419404,0.027479163707292593,0.016516201722332237,0.027634666186368048,0.0,0.004425338257017928,0.0,0.006195312588869041,0.0,0.0,0.005383878595811134,0.059214709148542745,0.0,0.0059116181125591005,0.0,0.0,0.0034983029232265915,0.0,0.020524361893635674
15,1.4997312e+18,0.0,0.042644042321162534,3.0398252176885463,3.0,0.06128412107639797,0.0,0.0014758400769183742,0.05060054232580065,0.003021842854251035,0.0,0.03442166230632577,0.9478125,0.0,0.09323347227916037,0.019197591415653917,3.0,0.6816375,0.0,0.0,0.0,0.09130724375,0.04236709257452839,0.0,0.0,0.0,0.030012053810648195,0.0,0.0,0.04264367066647041,0.032662131787704836,2.1626375,0.01579156269564655,0.04375772943104166,3.0284230488272623,0.0,0.0,0.0,0.0,0.0,0.009334910417144114,0.027648804954275807,0.0,0.0,0.026178793789637674,0.025251991433896434,0.0,0.0,0.0,0.0,0.0,0.020422690072226586,0.0,0.0,0.03910478531005861,0.0
16,1.4998176e+18,0.043553333780005136,0.04805568125,2.2405820225,3.0,0.02968118651141942,0.0,0.0,0.0,0.04473630154405229,0.0,0.0,0.17257525115063876,0.06837019134367918,0.1534625,0.04376269813507431,3.0,0.012172051589346373,0.0,0.015391144494540682,0.0,0.40430633693226187,0.0,0.0,0.02480727101021215,0.0,0.0,0.00677968268339076,0.0,0.06919508839704566,0.0,0.013420782480219256,0.0,0.07561823075623061,3.0032631272404644,0.0,0.0,0.07359027330468451,0.0,0.0,0.0,0.0,0.0028171599369158327,0.0,0.0,0.0,0.0,0.0014733300527908816,0.0,0.0,0.05483183579421089,0.005918251648902509,0.056105109196591896,0.024706881661648698,0.010129274590800303,0.032985088974884204
17,1.499904e+18,0.0,0.5647420892447713,2.8355456075,3.0631639112195232,0.025406226555075358,0.0,0.01998837566310122,0.017341033802168736,0.0,0.06418910003191654,0.0814518457741219,0.0,0.013231564153609064,0.6268817234286371,0.0,3.016045542269388,0.0,0.0,0.03584305994855085,0.0,3.024923813192428,0.0,0.0,0.0,0.0,0.0,0.0,0.0,0.0,0.0,0.0,0.0,0.0,2.99999659125,0.0,0.0,0.04066826035638873,0.0,0.07737968803365645,0.014598399374125475,0.03405644736892711,0.06401125354869072,0.03597591975054753,0.03325212750857806,0.0,0.04438475437046575,0.02233139611975015,0.03433487834412432,0.0,0.07658342088329263,0.06074986886423282,0.02755890216488791,0.027956467395878,0.0211598721229111,0.0
18,1.4999904e+18,0.028808668493938133,1.91743571375,2.944076789098644,3.0,0.02045723504873628,0.0,0.4558375,0.0,0.6833,0.0,0.0,1.0131056378030787,0.03927684811020111,0.8743646049550672,0.0,3.0,0.5983740784640448,0.0,0.08119914625239501,0.0,2.70475039125,0.0,0.0,0.0,0.0400124332814139,0.0,0.0,0.033233316583926684,0.035606550807394714,0.0,0.04996819213576473,0.012496223006066419,0.1349675,2.99999659125,0.0,0.0,0.0,0.020208284594394717,0.0,0.04652040560116277,0.006430516002021527,0.015121544900729061,0.011620401476154611,0.004019927582251917,0.0,0.0,0.0,0.0,0.015310729919578202,0.010785452404459113,0.06548838062269113,0.06272827031061985,0.0,0.003322495707517522,0.0
19,1.5000768e+18,0.0,3.0,2.4462868675,3.0,0.035703379386148225,1.8053890094341771,3.0,0.009391357213749707,1.0228957320409509,0.0,0.0,0.40659727658069245,0.16808701846311166,0.6644255747657717,0.0,0.7930511997320031,0.94462539145838,0.0,0.015165986049152012,0.026676839093257684,2.767075,0.01413898100765718,0.0,0.0,0.04882029490503867,0.0,0.03056090617334347,0.02267583720967041,0.06951857609853225,0.05890941186194312,0.1256215680412337,0.021607359645090366,0.0,2.99999659125,0.03400391184107043,0.03118883643631257,0.032670705391877414,0.009196795436597923,0.01056868869800167,0.0652360485685096,0.05802334111263597,0.04126708389117497,0.025925383245782512,0.2932839335771231,0.0,0.069776049102522,0.0,0.0,0.0,0.005057566564909022,0.0,0.0,0.058560717914641555,0.012857655519508054,0.0
20,1.5001632e+18,0.06905526861031577,3.0,2.008615970418069,3.0,0.02572515763408765,3.0,2.6356685074186568,0.0,1.6103125,0.050746371745607234,0.0902955736391248,1.66069583375,0.502725,2.79337916625,0.0,0.0,0.24126041625,0.04542721411946287,0.0768365696318921,0.018701223125149057,2.720457,0.0,0.008207243037235128,0.0,0.0,0.0,0.027923830584132645,0.0,0.003865150980696649,0.00707777903537844,0.1944227727662719,0.0,0.0,2.47037666625,0.011359629634796364,0.0,0.00890101463792134,0.06067528348968249,0.0,0.02224364090783912,0.0,0.046364343973550264,0.0,0.2021462829949276,0.05275274570486323,0.030396666166033506,0.0023270733674029937,0.0,0.020700144175992065,0.031525117107431784,0.0,0.012664160448106743,0.006304158466238015,0.0,0.0
21,1.5002496e+18,0.0033120223886864333,3.003967834703461,2.092914805529228,3.0198822493663178,0.02641749504983209,1.243751673470642,0.10380943618826162,0.0,2.238202582492045,0.0,0.0029195563410667623,0.1397436597531735,0.009349089674777367,0.0554125,0.01013073693951053,0.017117198260332974,0.7612755808880748,0.0,0.0,0.016196403935375803,1.80785037875,0.004300787313615452,0.002764629920938526,0.0368982395252646,0.1570875,0.0,0.0,0.0,0.013910662045922043,0.029668105712089856,1.519220663710738,0.007065164301538813,0.0,1.4838043275,0.0,0.05116326003536026,0.021056314789151327,0.0,0.0,0.0,0.03613123236029905,0.0,0.027681081700049293,0.0,0.0,0.0,0.02137506497666789,0.0,0.05266015087988655,0.0,0.0,0.0,0.042856587759841594,0.07712746890615042,0.0
22,1.500336e+18,0.0,3.0,1.5456278597692004,3.0,0.0,0.14671666625,0.0,0.029482801446421278,0.3298719209682365,0.08549570954856098,0.0,0.35554250000000004,0.0,3.022213283707989,0.019387791021396837,0.060334255059997344,0.7113640625,0.0032643109755010466,0.003790265042845791,0.0,1.13109756125,0.0,0.003825,0.35365,0.08205,0.0416871623648883,0.03484972747310903,0.0,0.008771678943562462,0.03084124310955969,0.02548253625,0.0,0.0,1.5537397325,0.05512609859849645,0.0,0.07665977056065856,0.05147058875,0.0,0.02308756004190742,0.04042884026880649,0.01923277672409136,0.0,0.0,0.017891297165544908,0.006951666372683749,0.015629329923485293,0.031710353973593855,0.0,0.0,0.011917568457239036,0.05417437050721276,0.03188744684280793,0.025429464660839413,0.00833891345495184
23,1.5004224e+18,0.036052272050944925,3.0,1.5790336410755228,3.002587349102965,0.002795474846132133,0.028040401278161937,0.0,0.11457502332986076,3.009762754038695,0.02031919754245729,0.0,1.6642,0.0,3.0,0.0,0.0,0.0,0.019739609171066912,0.04429497222983383,0.0,2.674571431501331,0.0072247122857261314,0.0,0.02841056705271392,0.0,0.04660938232413451,0.0,0.0,0.029276570947836384,0.0,3.0,0.0,0.0,2.88135592125,0.0,0.0,0.11052879071852409,0.060416470903893967,0.0,0.035479679399588446,0.0,0.01093203864501822,0.06060775241962414,0.0,0.0042441982560843215,0.03088015376835676,0.0,0.0,0.011525092953125789,0.05510919181259209,0.0,0.01082573097305719,0.004361239917225355,0.0,0.0
24,1.5005088e+18,0.0,3.0,2.6873228660733246,3.0460277604677057,0.0,0.01645675911916811,0.051375691135863495,0.026759237171635534,3.0,0.056544079346351896,0.021935029980901462,1.2288578125,0.015943248133775414,3.040494693894361,0.0031562025855690935,0.0,0.14587091039874334,0.0,0.0,0.003653253728799512,2.3959074061779764,0.09457973951072146,0.0,0.035691599067559206,0.0,0.0,0.020798020854751655,0.0,0.0,0.0,3.0,0.06606951454261008,0.32101607125,2.96547142875,0.037299573400468564,0.0008621764177771879,0.010049929374920807,0.0275207785290471,0.03829180481564589,0.008013957456279681,0.04026388004774414,0.0,0.0,0.0,0.0,0.0037678188617852664,0.0,0.0,0.0,0.0,0.0,0.0,0.0,0.0,0.0
25,1.5005952e+18,0.0,3.0123380620178772,0.89083900375,3.0,0.0,1.0704875,0.09249396331065206,0.0479123002512676,3.0,0.023519260440191685,0.0,0.95034431875,0.5022681775987854,1.0613565203982323,0.0,0.43117083375,0.95752916625,0.05252089871665131,0.00147083375,0.0,2.57481607125,0.0,0.09148983946525667,0.012579527478553225,0.1860375,0.046121199558994644,0.012511768666986514,0.0,0.00954459332986224,0.0,0.0455938775,0.0,0.39336222723519576,2.0704073247056547,0.017753733323565203,0.02135365780588196,0.0,0.008868973902926238,0.0,0.0,0.05502782282299106,0.0,0.0,0.01803782437689256,0.0,0.053192788126543954,0.026413367183254134,0.0,0.0031211513688967634,0.0,0.0,0.0,0.03724802573878735,0.058851276057666047,0.019062081624378016
26,1.5006816e+18,0.005439748348865757,3.0,2.831432665058916,3.0736417374932885,0.03771636802326005,1.0747207024051435,0.0,0.05161858075395598,1.51199375,0.0,0.002445168848556277,1.70170625,0.79533125,2.11634276375,0.06528799972001893,3.0748996028343565,0.3035867128321465,0.005436213206983056,0.036007346012301406,0.0,1.42706666625,0.06675296901339431,0.005884559980048395,0.011141369143882338,0.6537263344094975,0.01620017388251418,0.0,0.0,0.0,0.0,0.67663888875,0.0,0.8597933668653661,2.9581234477754617,0.0,0.0,0.0,0.035189785888711834,0.0,0.0,0.05217236187015442,0.017137998461589605,0.0,0.0,0.0,0.0,0.05677047579528341,0.018891389298405437,0.0,0.0,0.041800787563035194,0.0,0.0,0.0,0.0440294399527326
27,1.500768e+18,0.0,1.866622411463082,1.334719915,2.239970420730242,0.0,3.011952315194206,0.014148630880243446,0.04930956574917269,1.5503987348038701,0.04447551620999126,0.0106625,1.793851755905911,1.022977221708717,0.7223845310691126,0.008379897671868307,3.0,1.4730152775,0.057333871106694544,0.0,0.0,2.863631945,0.0,0.0,0.0,0.2792875,0.002259810669483589,0.0,0.0,0.004404084242417295,0.0,1.0271708756712827,0.03092350797234422,3.0,0.015535539074526513,0.028244693199399224,0.03483372487954194,0.0,0.008626401361331729,0.0,0.0,0.0,0.0,0.0,0.06281668552400704,0.023915660619199863,0.0,0.03506682946419097,0.06004353742650232,0.0,0.014439271898786105,0.012628806033447043,0.04868153189840213,0.0,0.06090606892477073,0.029530370176303337
28,1.5008544e+18,0.026809222871769737,3.0,1.87550054375,0.0,0.019213948790686133,1.0183375,0.0,0.0,3.0,0.002236131812809358,1.0914082819253759,1.6785637884985982,0.6102125,0.38579166625,0.0,0.9559513385972918,1.4155297830320401,0.0,0.9545930965628777,0.0050104867046720895,2.8232227229877864,0.0,0.0,0.0,0.1558,0.06051428060365781,0.0,0.050619669861763424,0.035568388166529276,0.0,3.0,0.0,0.198943055,0.01982741625,0.061877913969785744,0.01374101923389142,0.00046191769972788425,0.0,0.0,0.0,0.0,0.04600813894273994,0.013156209380790571,0.0,0.0,0.0,0.0003817660761789775,0.0,0.0,0.0,0.00017502957759807995,0.0,0.0016515559626851392,0.0,0.05551614645929252
29,1.5009408e+18,0.0,3.011067326931508,1.2742989725,0.04078592990349789,0.0,0.043077745888731596,2.1784613625403867e-05,0.016783885958425483,3.0483343092195674,0.06130342377915432,1.70145833375,0.08029957491372577,2.2617100243062076,0.13565,0.0461946268902901,0.030162017522587185,0.62570208375,0.0,1.0591338942193744,0.255,2.13941153875,0.0,0.024266381501920425,0.0,0.0,0.02808427582233164,0.0311087265508289,0.0,0.001745113720699523,0.0,0.135871,0.0,0.0,0.09719513216598089,0.07328784999650927,0.0,0.01094919764534046,0.04624417431138923,0.0,0.0,0.0,0.0949460802311787,0.0651218834804792,0.0,0.0,0.0,0.0,0.0,0.01639003926436098,0.005649680694027741,0.0,0.06586262617340576,0.0,0.0,0.009047855650613185
30,1.5010272e+18,0.03876075130329613,3.0,1.6851444675,0.06906681171350836,0.042105868587968456,0.0,0.0,0.019469695989757074,3.0,0.0,3.011490816912579,0.0,0.02529633945520211,0.14743125,0.0,0.0,0.5855317841284873,0.0,0.73198125,1.8352049942660653,2.6698375,0.04659761462330208,0.0015871898806871783,0.011933003104608084,0.0,0.007408326655276366,0.023608878870360936,0.00927384223038543,0.04006378888313532,0.0,0.48802666625,0.0,0.0,2.99999278875,0.016849333616674164,0.0,0.0,0.06418627026800217,0.03974591128569852,0.0108704684488913,0.03720125633422392,0.0,0.07310448066782976,0.00841169721668382,0.03365042488337329,0.0,0.04471504051820861,0.0,0.0,0.0,0.0,0.010111904395486392,0.014631204661583401,0.0460878303875942,0.0
31,1.5011136e+18,0.03688476609864097,3.028365951889484,2.43822066375,0.0,0.0,0.033656720859749675,0.0,0.0,3.0,0.029051898319196124,3.066303938943112,0.0,0.0,0.9932500000000001,0.014116292540099445,0.0,0.8819365326862839,0.0717037035384559,0.0,1.5945866969360307,2.9999925,0.0,0.025413133646663328,0.02937453515014471,0.008304055610294342,0.0,0.005627413301068271,0.0,0.08257013955216383,0.09154098940971835,3.038896080859859,0.0,0.07512776727501205,2.618165411029631,0.0,0.0,0.0,0.029836367054577453,0.005048490188583236,0.012498605876942298,0.01141575380905506,0.0,0.0,0.002296503766884665,0.0,0.0,0.006666298167986376,0.023948769795880242,0.026874702464477193,0.025683276962298524,0.0,0.0021308688150821196,0.03431550845223105,0.009678080460438053,0.0
32,1.5012e+18,0.052424016503347465,3.00384142927802,1.8323640625,0.07266948111179308,0.0,0.0,0.0,0.0008327709308283511,1.6537892050229277,0.015802026035816884,0.58680568125,0.0,1.1852375,0.9954999999999999,0.03553705674438206,0.0,0.7731119544884658,0.008239286401291058,0.04215592818496793,0.7013,0.8975739640499829,0.038343144937767144,0.0,0.0,0.0,0.02963986003025455,0.0,0.0,0.07385753486994796,0.04353109492758536,1.0071255296958106,0.0,0.0668027242100318,2.90858157875,0.0,0.0477510278012279,0.017932305063124356,0.0,0.041994172107176174,0.0,0.0,0.0,0.03190625,0.0,0.0,0.0,0.0,0.0,0.0,0.0,0.0,0.0,0.0,0.0,0.051018473256526545
33,1.5012864e+18,0.0,3.0,2.25369069125,0.0,0.0,0.0,0.0537522347816111,0.0,1.4465934113530865,0.04006223709929889,1.09640892875,0.021908087039794584,0.0,3.0267068998161686,0.0,0.038074378200586546,0.47357916625,0.01901933477285838,0.07319757161914532,0.0,1.0288303914670656,0.02058085913816185,0.0945348119072353,0.018156516982641688,0.0,0.050211979613234224,0.0,0.03588022716141812,0.0,0.0,1.35850416625,0.0257231057659225,0.03280693136106771,2.864383008655934,0.0,0.07682545677369088,0.0,0.0052511786791875625,0.0,0.0,0.0,0.0,0.0448625,0.0,0.0,0.0,0.019422682276683124,0.019085080708800307,0.05361523920348628,0.01958356534805107,0.0,0.023664063281183395,0.0,0.0,0.007011166687936913
34,1.5013728e+18,0.013813658279652486,3.0505677865230543,2.131124214393634,0.0022265810962699556,0.0,0.0,0.0,0.009770470122652206,1.7345974999999998,0.0,2.43792083375,1.7203073242385403,0.0,0.28568817,0.0,0.5718161674990512,0.6579999999999999,0.008424181070160196,0.23785333375,0.08542040853372271,2.99998833375,0.04977147110333464,0.0,0.0,0.044009827623141484,0.0,0.057966864888903596,0.02844186608983545,0.0,0.014440734772923665,0.7668699883015925,0.0,0.0,2.7454210353731576,0.0,0.0,0.0,0.0,0.0,0.0,0.0,0.005676137827517176,0.0,0.006492761777754159,0.0,0.00017067436452328162,0.00285,0.03221853577802886,0.03926406961058132,0.0,0.0,0.0,0.0,0.0,0.017870963067928156
35,1.5014592e+18,0.0,2.9249148121951993,1.78854538,0.017479361622747523,0.009958376637943576,0.0,0.0,0.0,1.7383758677229717,0.05231652940093121,2.8190891603913126,0.729733887786511,0.0634406913503047,0.3789412499845385,0.06333081121279659,0.01429283201611413,2.0583761618271263,0.0,0.6390431020076607,0.085175,0.05660569375,0.0,0.06851332536954076,0.06149490029239482,0.06666453065600977,0.03334498680438576,0.0,0.0,0.014688503079780282,0.0,0.342300039468584,0.008538044536725423,0.0,2.4983214157222218,0.0028620612858629357,0.027957486085558814,0.006753511378452373,0.04014513047046836,0.0,0.02632898029945242,0.12586198024137701,0.0,0.0,0.0,0.059099917293115416,0.03901964937000544,0.0,0.0,0.09760642946127089,0.041683252757631344,0.06159479280874029,0.03761611942161799,0.0,0.023791282200007823,0.0
36,1.5015456e+18,0.07090998453588816,3.0463562553653225,2.175274298986148,0.01201522591369294,0.0,1.0711125,0.0,0.03235039165698453,2.24132,0.0,0.7070273759194379,0.6615918740956838,0.010108262292456354,0.7302371715196508,0.0,0.20035015763408925,0.7934,0.0,0.0,0.0,1.5724428575,0.031138844959242327,0.0,0.013804264277999237,0.0,0.03313912550405961,0.0,0.04319136880115007,0.0,0.0,0.0,0.0,0.0,0.07197314315428459,0.08980925751615892,0.04175925841811479,0.06488589825418983,0.033229320705433496,0.0,0.027350834975706468,0.0,0.0015137394661661335,0.02321739125,0.02328901644937928,0.04601329327243855,0.05468375069257684,0.0,0.0,0.0,0.0,0.023469777677561306,0.028768584351536897,0.0,0.0,0.04941137694180671
37,1.501632e+18,0.046961750262638165,3.0406363032842605,1.14915865375,0.0,0.0,3.0977301909626194,0.043670180920115716,0.0,2.09964375,0.0,1.9541503184979174,0.03693696262381364,0.1150554962963014,0.15351002579658257,0.07953864536689156,0.79564166625,0.026632798754650133,0.0,0.04214063791031232,0.03422196615164292,2.40488125,0.046151430538351974,0.0,0.0,0.0,0.0,0.0,0.04542767602732306,0.0,0.0,0.04350195647290143,0.032793395242870685,0.0,2.2187249916729126,0.0,0.016133953272428343,0.0,0.0,0.0,0.000503885297287593,0.0,0.0,0.0,0.0,0.01159461309302077,0.0,0.0,0.0,0.0,0.0,0.0,0.03714986854388308,0.005536921421172292,0.045485791300956036,0.1116111710173657
38,1.5017184e+18,0.0,3.0,2.80202738125,0.0,0.007717834102548148,1.9296125,0.0,0.017660274079179927,1.580090625,0.007105473670873029,2.99999375,0.0,0.0,0.40637916625,0.0,0.0,0.014128490519668224,0.0,0.0,0.0,0.01729678051755084,0.0,0.04631969795588776,0.0,0.006338388497542182,0.0,0.0,0.0,0.0009343513003803352,0.0,0.06480269102757623,0.023933367936764496,0.0,1.6412712124999997,0.04142219072870899,0.03393631401602635,0.031237794059825855,0.0,0.0,0.0001396068791760167,0.0,0.014538002381227011,0.05924785896710943,0.0,0.0,0.0,0.0,0.01854850183619047,0.0,0.03982631715086331,0.008607315894316266,0.032061606511485166,0.006139202886472246,0.07230071743143006,0.0
39,1.5018048e+18,0.0,3.0,1.51448152125,0.02168849745060779,0.06556441628228644,1.2898625,0.021051740295357738,0.0,0.9899363173476257,0.0,2.1931771364998824,0.015101663121034543,0.008824205082940541,3.0,0.047118287822064904,0.70068801,1.4368625,0.09188523403827852,0.0,0.012238103425011615,0.05991505762247245,0.0,0.0,0.020825325192956642,0.03288956514669952,0.0,0.0031204863301608826,0.0747010328130822,0.0,0.005011900183658181,0.029850623581555005,0.0,0.04077923992623168,2.4196212124999996,0.0,0.00458215360884258,0.0,0.027824281326826697,0.0,0.0,0.04800846185108491,0.0,0.0,0.05981952972323785,0.0,0.0,0.0,0.0,0.0,0.0,0.01590248403742754,0.0,0.005857083857643676,0.03741403510027315,0.0
40,1.5018912e+18,0.06030003457285507,3.0,2.174991459830807,0.013089613995070042,0.0,3.0,0.04070291772464111,0.06019034277403102,1.685625,0.014142890885321755,3.0126484567202345,0.0,0.04484683468667315,3.0056991547708916,0.016496582547843454,2.207975,0.9281625,0.0,0.03765612093207968,0.014025,1.6039235,0.0,0.035897706985602296,0.0,0.0,0.048009490793057365,0.0,0.0,0.0,0.0,0.0,0.0,0.00770586629040202,3.0484346214608316,0.00937725892130512,0.04732905375140372,0.033995508612997834,0.0408203337910469,0.0,0.0,0.0,0.0,0.05473792777194846,0.006481417785353663,0.0,0.002353475,0.062310589745156846,0.03578142658338226,0.0,0.0,0.0,0.030059141380720678,0.060879337954577534,0.0,0.0
41,1.5019776e+18,0.0,3.0,2.084656105,0.0,0.012509109891268836,1.7107,0.000343767761938451,0.0068333065920315825,1.8288269695564567,0.0002376925,3.0,0.01435858964193252,0.0,2.8293,0.0,1.7871214803470008,0.0,0.03722341826439155,0.0,0.028394010598625848,1.3520889999999999,0.002301063621790219,0.023006434335702996,0.0,0.0,0.0,0.0,0.020458933495976574,0.0,0.0,0.0,0.0,0.12942884625,3.0060624781030825,0.04048814984230327,0.0050783025228667905,0.0,0.013854288652464608,0.0,0.0,0.006202424451530997,0.06879695368842133,0.006361242518153311,0.0,0.0,0.01059220125,0.0,0.00036585871454814526,0.0,0.0,0.0,0.0,0.0,0.06208535999570854,0.0
42,1.502064e+18,0.05816346095613097,3.018282863385228,1.905645330453346,0.0,0.035502939514663774,1.1922821920821076,0.0,0.016815118909573334,1.1176375,0.04893793772506896,2.459609375,0.9837100735640775,0.2775537739833517,0.00039030315264705775,0.05346124940741044,2.70137840875,0.03249652855200322,0.034892288768774135,0.0002741750922026174,0.0,1.2238184526032576,0.0,0.0,0.09354896181108821,0.011073220396389563,0.015258641436070015,0.11635954639952656,0.0,0.0,0.0,0.1468364258639049,0.054186165619371875,0.015803380535772144,2.80030333375,0.0,0.027844260506111156,0.00023061131154932806,0.01607149593004075,0.0,0.05323246035971867,0.048314507678892574,0.02071977716367062,0.09468220620305128,0.0,0.0,0.06130800591348655,0.04699977741506933,0.0,0.0,0.010212409119998756,0.005806234520814242,0.0,0.04445377245094843,0.0,0.03327062868940366
43,1.5021504e+18,0.02537503788899672,3.0690135095174162,2.83593564264467,0.0,0.04158105684174882,3.0611588796097426,0.0,0.0,1.160625,0.86577291625,2.90145833375,0.8280770980603799,0.0,0.0,0.0625703595602765,2.70035,0.0,0.0,0.0,0.0,0.027812906544944404,0.056631650106738846,0.39078349300451254,0.02869569728767148,0.05597210596917908,0.0,0.0,0.0,0.0,0.0481181475487869,0.00228081,0.0,0.16522157214822097,1.8423268724577704,0.0014715410622333901,0.027381646467999125,0.0,0.0,0.0,0.04006893011116874,0.030604850352919363,0.0,0.00055,0.0,0.0,0.0158074175,0.0,0.04528216255748888,0.0,0.02056813263429687,0.05652342242340358,0.030558551085800616,0.005129461687303146,0.005065398133139274,0.0
44,1.5022368e+18,0.0,3.0283400241450877,0.942825735,0.0,0.04660997217005464,1.820040471475503,0.04261208294804181,0.0,1.7476102830261653,3.007120049562195,3.0,2.7302725,0.0,0.01570263223203803,0.0,3.0352089651142427,0.012001814018736422,0.0,0.0037526226962078225,0.008015375282015838,0.0,0.02668176429090408,0.028075505886523962,0.0,0.0,0.12941396816765416,0.0,0.0,0.0,0.03500710277997542,0.028729127901420695,0.0,0.0,2.7292074153846526,0.011921254186628469,0.0,0.0,0.0,0.0,0.0,0.0,0.0,0.0,0.0,0.1007444512543784,0.016116189888528018,0.010296492797328282,0.06471517009695965,0.0,0.0,0.007894429946579804,0.0752688924881777,0.0,0.0,0.047234918892201244
45,1.5023232e+18,0.0793074464447857,2.6583178575,3.0327107040801824,0.0,0.020424716667069406,0.033181919976230614,0.004786464887370721,0.03782633561956922,2.30389375,3.0267177105452405,3.0,0.721994616254754,0.0,0.06479166552487334,0.03728238585590346,3.0156701559029906,0.04303068259551602,0.0,0.0,0.02059641353214889,0.07558139780817928,0.03536069560313162,0.03022215692911474,0.09723705843520339,0.0,0.0062550138622299335,0.0,0.0,0.0,0.0,0.0,0.07614034761229858,0.03239558487566792,2.7111087290934615,0.0,0.02474069546657161,0.0,0.0,0.003320613458254953,0.0,0.0,0.008129173793192323,0.03844561821595048,0.0,0.0,0.0,0.0,0.005920006814374485,0.0,0.0,0.0,0.05594321397328017,0.0,0.0492635339743105,0.0
46,1.5024096e+18,0.0,3.0,3.0,0.004862472660699319,0.0,0.0370094448396569,0.0,0.0,1.3158203125,3.0496552975204168,3.0,1.8044125,0.0,0.08035388770033483,0.0,3.0080372014711463,0.0,0.009547621260952108,0.030309357663374472,0.0,0.08221716996018935,0.05108135820490265,0.0,0.0,0.02233109482237346,0.03513960891324663,0.0,0.0,0.02933682195692127,0.0,0.0,0.07245806412147415,0.0,2.79979558875,0.03231747204163455,0.0,0.02185724043287856,0.03471162866430118,0.05228670196230816,0.02839559302424848,0.09003573488870355,0.0,0.0,0.04784340678777495,0.0,0.0,0.052269682421789365,0.0,0.07749804294997605,0.0,0.0,0.054815148455602376,0.005523770900693928,0.021135412401623917,0.0
47,1.502496e+18,0.06595787303458256,2.32776041625,3.017993918862671,0.04515187442686013,0.0,0.0,0.05055716098193029,0.024282071778616472,1.50000267875,3.0,3.0,2.429244551251362,0.0,0.0,0.0,3.0246005619095917,0.04511604154818542,0.038564326670807815,0.0,0.07499670339558141,0.0,0.0,0.04652688696855139,0.05584355806419814,0.06726049886412856,0.0,0.016058861206228365,0.032114322635005466,0.005769191179213726,0.07923939909189993,0.09737883689736944,0.06196492280119621,0.05119546697572531,2.8500002772804103,0.0,0.00808409349064094,0.010596973501255798,0.006547462080613011,0.00035175874375996093,0.013355057298544562,0.0,0.0,0.0,0.0,0.0030025993407015086,0.0031540540877862257,0.03213328008030291,0.0,0.06621513263444666,0.0,0.029447397166457164,0.046816624377917525,0.03450051169611741,0.0,0.0
48,1.5025824e+18,0.05694186153761598,3.002559643411734,1.1768510913337258,0.0,0.0,0.05067461316136779,0.0313634143926865,0.0,1.6589741000441032,1.1119875,3.0,0.06889629687773391,0.0029096632388839992,0.0,0.0,3.0581743196430877,0.036822572384385965,0.019982773225285792,0.0,0.0,0.002914723685871145,0.0,0.046591417276205034,0.01606641907721109,0.0,0.03402286342042072,0.0,0.0,0.0,0.004319867006162372,0.07325,0.07361610004174823,0.15253351318631195,2.6747551475,0.04604865457795344,0.01191962322840445,0.0,0.005072542741500092,0.0,0.0,0.07573445199615468,0.0051669266095943365,0.0,0.009091475551096562,0.0,0.0,0.0026989547176160668,0.0,0.0,0.0,0.0,0.03774289562533413,0.03782348094036963,0.0,0.0
49,1.5026688e+18,0.02572655971165911,3.0,0.80818,0.0,0.029221668062693624,0.0,0.004595736975952268,0.00025696775217238295,2.82130833375,1.16713166625,3.0,1.1338195880117956,0.0,0.07466755769416654,0.03777729245924926,2.99999583375,0.522040625,0.01610480597814256,0.0,0.04946656784417126,0.009588783116562994,0.0,0.011904062105669393,0.0,0.038795147328629064,0.0,0.0,0.0,0.0,0.0,1.0470508363745068,0.0,0.2607378561692245,2.809298037430845,0.022004878060022187,0.0,0.0,0.004613998908505738,0.0,0.0,0.0,0.04205160293045983,0.1261343708288061,0.0,0.03540586381510706,0.006790538554466732,0.0,0.01632451736109754,0.032533712376825404,0.0,0.0,0.0,0.0,0.0,0.007079865862880655
50,1.5027552e+18,0.0,3.001451892307419,1.077297663123679,0.0,0.0,0.0,0.04084618809477695,0.0,1.500003125,2.5141894965748453,3.0,1.373025,0.0,0.03754748839339211,0.0,1.8231349432012738,0.40834583375,0.0,0.0,0.02191719035683408,0.03817419740167845,0.0,0.059833969442037116,0.0,0.022861387171705678,0.0,0.0,0.044739560389910935,0.0,0.07767201684187518,0.1363631751767822,0.0,0.12680921672809298,2.90788203125,0.0,0.018568038892270523,0.019012165621038128,0.0,0.0,0.021413238354513305,0.041750463283433445,0.044364711543309523,0.046194086350091576,0.06935303558449718,0.04767221010921845,0.02460410281211204,0.0,0.0,0.0,0.02292530545813117,0.0364513170033127,0.0,0.0,0.0,0.0
51,1.5028416e+18,0.007860049799298583,3.0,0.0,0.0,0.0,0.0028015725929092608,0.03330176166313566,0.025023559515961104,1.48485625,1.6792593714875048,3.01228243812806,0.06281340989555961,0.0,0.0,0.0,3.0,0.22651342609749633,0.0,0.0,0.0,0.0,0.011347899541651534,0.0,0.03965210066474206,0.0,0.021751498015343675,0.02976850606648624,0.0,0.024490814428956585,0.0,0.0,0.0,0.231875,2.83839609375,0.04751203964598612,0.0,0.05534818368457662,0.017707244159967182,0.0,0.0,0.008451308178397237,0.08897370217370344,0.0,0.0,0.006492906030798655,0.03804655664690005,0.03154014053433414,0.0,0.0,0.0,0.01118769089907763,0.022303623331500978,0.05322700531966363,0.02466840783267104,0.04082062594560429
52,1.502928e+18,0.04338769202371706,3.0,0.035878878062690175,0.02601759215944145,0.0,0.04665833808367494,0.0,0.0,1.50000267875,2.626528125,3.0,0.0,0.046657663271891414,0.0,0.011565600105525972,3.0,0.04631334072008044,0.023324566835780908,0.07804972055454476,0.012772431571310888,0.0,0.00346077443900977,0.021609035890224372,0.0508652532803144,0.0,0.0,0.0,0.024355258305612245,0.0,0.0,0.0,0.014547145110303366,0.0,2.88699333375,0.0579098095226888,0.0,0.004628626985528817,0.014582032174114239,0.0,0.0,0.010935194760243546,0.027088943149621098,0.0,0.0,0.011370638342534814,0.0,0.038081555703139695,0.0704712957773095,0.008099522185662032,0.033620710438471355,0.0,0.020914599019186526,0.0,0.0,0.1144826316275302
53,1.5030144e+18,0.0,3.0,0.00029375,0.0,0.0,0.0,0.0,0.019383046149327815,1.6149548075,1.40084083375,3.02301257284109,0.0016,0.0,1.4919448525,0.04411236793867919,0.9752511725935661,0.06734965279035919,0.0031856884456582793,0.06608555969156589,0.04498217795245525,0.0,0.10559470195028406,0.4444400697242519,0.020894139314263493,0.0,0.0,0.0,0.0,0.0,0.0,0.12732530967514513,0.08463199953349562,0.0,3.0292764197750532,0.0,0.0,0.0,0.008390005861854281,0.04114604257221096,0.0,0.033069691426270184,0.00995152484984476,0.002775,0.0,0.05090876777141947,0.0,0.0,0.04255857481129982,0.0,0.0,0.0,0.0,0.0,0.051441572978802946,0.0
54,1.5031008e+18,0.0,3.0353946229279027,0.0,0.06127831596244684,0.030521871812710908,0.0,0.025040661532977126,0.015504233611816251,1.500003125,1.866406099294566,3.0,0.4847421838413872,2.8855244322293195e-05,3.027251680443414,0.0,3.077659321849991,0.0,0.07783103928622369,0.0246376915129505,0.0,0.0,0.057567907514188395,0.4350147034112569,0.011609283467154886,0.0,0.05182786511345304,0.0027258481297933353,0.020632957191715443,0.0,0.0,0.0,0.010730355974218632,0.0,2.6557143351909662,0.0484979076026949,0.0,0.04793737616856968,0.01691132396187861,0.0,0.019049693739720607,0.023722531151313543,0.0,0.00765829699354572,0.029595874154848986,0.0,0.0,0.052613515136660224,0.0020565768095517135,0.027873131536623106,0.0,0.022607328879074164,0.028910413482627528,0.024958736489067067,0.012963976466455812,0.0
55,1.5031872e+18,0.034233507111936276,3.0,0.0,0.05362543243211778,0.0,0.014738633267177857,0.02998079145447075,0.0,1.288610440451126,2.6771365222967036,3.0293915623292267,1.98360833375,0.9260194763293926,1.305128125,0.0003363458683640994,3.091478509748171,0.5361177618705376,0.05810559606249611,0.017757254443129155,0.03639999947753159,0.05513115566398076,0.054186884939035285,0.49343111858461935,0.04734149403362671,0.041237947964421054,0.011471922226648428,0.023435831250526663,0.0041048145526879475,0.0,0.0,0.2579953915779195,0.0,0.1324195295500346,3.0196036643030872,0.02333131265906446,0.0,0.1239427851833276,0.001325,0.0,0.021485194710597004,0.0,0.08811586247178921,0.013948764002989627,0.0,0.0,0.02723365461211654,0.0,0.07301369905689144,0.0,0.024294453172299894,0.005240080083362736,0.0,0.05279961858771941,0.0,0.0
56,1.5032736e+18,0.006441395066992633,1.5219823212484314,0.0,0.039643352714403716,0.0,0.0,0.0028917017570862127,0.0,0.24519499999999997,1.476384375,1.484400813319376,1.36819375,0.0,1.4763674999999998,0.010505729678191758,1.3842508217139686,0.015139085107886557,0.0,0.0,0.036128175033406255,0.055031313091846445,0.029188299941269768,0.00045,0.0234725236602941,0.03224004020064914,0.031351521189165,0.01673440853754131,0.004368977728131355,0.007242098636469595,0.0,0.04913696975030099,0.0,0.04491344107373503,1.47635446375,0.011367440024022046,0.05990211432627322,0.0,0.0,0.0,0.0,0.000275,0.06196110751235057,0.0,0.00045811078671022297,0.03116217141579329,0.0,0.0,0.0,0.0,0.0,0.010520095377388676,0.0007454935891854299,0.0,0.000175,0.052391286019208984
57,1.50336e+18,0.0,0.004824564923748881,0.020362911402999933,0.0,0.0,0.0,0.07894056044615923,0.09557934479086143,0.2988825,1.29008958375,0.0,0.06239905209402987,0.0,0.8885188675,0.004688112954539847,0.0,0.0001125,1.9052596231463124,0.0,0.0,0.11880746594240668,0.018304965869606067,0.19064642875,0.0,0.04648520246846414,0.0,0.00947841835166626,0.0,0.25580921,0.0,0.0,0.021381815092070613,0.14737438828421479,0.90748125,0.0,0.021272252182393606,0.019438923184897438,0.01974586678222976,0.0,0.0,0.092195,0.0,0.022701905213139913,0.01372916625,0.0035420671916668233,0.04423698843881239,0.02680669565206754,0.04382535537396816,0.0,0.0,0.0983927034223394,0.0061125,9.375e-06,0.0,0.06664699375948241
58,1.5034464e+18,0.0,0.0,0.010498163363368363,0.0,0.0,0.04491241274247801,0.005387834186123496,0.038149362227669376,1.223159375,2.8461677810105277,0.0,0.04066692783363849,0.0,2.99999321375,0.0,0.0,0.0,3.076632063170757,0.011967827805761536,0.025756001612996546,0.005733482021422101,0.0,0.0,0.040868844904855844,0.0,0.0,0.0,0.007469573322822031,0.0367547846380206,0.0,0.023518222605557203,0.014847514141769776,0.0165044499233912,3.0215326430799267,0.0,0.0,0.08489388923604578,0.0,0.0,0.0,0.09485263015144138,0.018871967246375555,0.0,0.0,0.005680532156726647,0.0,0.0,0.0,0.0,0.026910732960406167,0.0,0.02097203779054189,0.0,0.01040927339612622,0.005286915450202549
59,1.5035328e+18,0.0,0.0,0.06278733083739364,0.02996981972674487,0.048485305144361515,0.0,0.0,0.0,3.014175108958449,2.7176125,0.0,1.3573576744339175,0.0,2.65645,0.006214195099303721,0.0,0.015690287810793537,3.0,0.10730538193014402,0.036386573818078576,0.030185996977096938,0.033089570855963334,0.005547103086125224,0.0,0.052640702743158414,0.03764376026779279,0.07346208856126969,0.0,0.0,0.02892249997553716,0.0,0.0,0.006040661227979366,2.09341875,0.027503745047827773,0.003650240079670492,0.016044513670346032,0.0,0.0,0.0,0.001117583914695583,0.008090786679325883,0.0,0.027020950317390106,0.0,0.041620450733200906,0.003154434372416478,0.0,0.0711248157345794,0.04760375187313163,0.03931975384916947,0.0,0.0,0.0,0.0
60,1.5036192e+18,0.0,0.0,0.8438360972757087,0.00344234129380217,0.0,0.01116644784502359,0.005501324147631755,0.03675124576880111,3.0,2.7040291140774837,0.0,3.0,1.091875,0.6816862449562247,0.02448173563243026,0.0,0.1662549439877873,3.0318015406191954,0.0,0.046996159526591696,0.00307,0.0,0.09361875,0.0,0.010654194002757814,0.02319844591284289,0.04225909637716809,0.0016332456492258126,0.3052508925,0.0008172654481786326,0.0,0.013346176169671913,0.012859992147830715,1.4292069654301158,0.03321922263925366,0.030881831323979744,0.0493731959658535,0.0,0.0,0.0,0.0739625,0.04183382892494519,0.0,0.0,0.06873278757902641,0.0,0.0,0.11221999550882215,0.0,0.020140542559505373,0.0,0.046498013174750365,1.875e-05,0.0001375,0.06535887408764288
61,1.5037056e+18,0.0034789233899097673,0.0,1.2499472934820088,0.0,0.0,0.009411622974030299,0.026826917253087473,0.0,3.0,2.1750829719523126,0.06456305676299613,3.027142350065241,0.8949453943155125,1.3289228124999999,0.0,0.420646875,0.62411875,2.118925,0.04673421854039219,0.0,0.08506052420351777,0.0,0.0638823527362545,0.0,0.002459992573071138,0.07427481548101958,0.026726362326075455,0.09503945702035146,0.0,0.005857374672308362,0.020653264495688765,0.07020567064935378,0.0,1.5474970253694704,0.0,0.05398383136301895,0.0460625406086948,0.1487875,0.0,0.06018093923942524,0.011617170810177204,0.030483762003013417,0.03369864998247659,0.012131631544391544,0.0,0.029210890741754363,0.0,0.005375519140127591,0.020028997605342554,0.0034,0.11055931551745696,0.04120183920152747,0.0,0.024351592777783555,0.0
62,1.503792e+18,0.005846614129341351,0.0,1.7127424253907604,0.003933373753929132,0.031200196366874326,0.0,0.06952632586937446,0.0,3.0,3.0,0.0,3.0,1.3149803191420562,1.86483414125,0.00981031999900412,2.25375,0.03410173722421145,2.99998125,0.004186527912188635,0.0077520401191635835,0.8383409725,0.10245668499267907,0.0035026686527352266,0.05975546836332567,0.0,0.2576619605341185,0.0009612596329753977,0.0024950612645943046,0.0,0.0,0.023833352272674246,0.029313847664463526,0.009247337568814783,2.76921634625,0.0,0.0,0.08709318125,3.0,0.0,0.039321698875630445,0.0082625,0.05684096011597739,0.30217061834319986,0.07498041603439798,0.0,0.0,0.0,0.05237096016694997,0.0,0.0,0.0,0.0,0.0,0.0,0.06675729185699443
63,1.5038784e+18,0.01156559762063085,0.01165426871918363,2.1427932943889276,0.0,0.0,0.0,0.04610309748261397,0.016879273317431887,3.014523389380653,3.0,0.0,1.10056875,3.0182126770082927,1.4374622953950336,0.0,3.0211746046823316,0.5914421430761044,0.56681607125,0.05345779631059339,0.0011967381560880608,1.7354425103396565,0.893475,0.0,0.0,0.0,0.3442492025,0.0544667686639651,0.08009862826620291,0.0,0.0011089495829757457,0.021717994860810372,0.0,0.0,2.1878408988111637,0.0,0.0326287979571634,0.920999152275158,3.0,0.0,0.006633974820581974,0.05862489016439591,0.0,0.015733447808053923,0.01437811625,0.0,0.567759375,0.06402826482266902,0.05674867607707799,0.0,0.06329375593361147,0.00205625,0.005356206040558416,0.0,0.05882821526170957,0.0
64,1.5039648e+18,0.0,0.0,1.1890300783781258,0.27430416625,0.0,0.04147890953337671,0.03909175136546013,0.0,1.0464723832463305,2.2642625,0.04987457281018381,3.0171598759628746,1.7075379537415352,2.598097113173125,0.0,2.935940317552713,0.44652983447501926,0.7406953015748715,0.0,0.0,2.9399833615993494,0.032747920642108165,0.0030486748023829447,0.0,0.0,0.32270770875,0.0,0.0,0.0,0.0,0.0615273541567994,0.03135719853138101,0.037122179934973236,2.6503252029841047,0.2002375,0.057920462460591446,0.0190625,0.3763453125,0.0042214416116389715,0.0,0.0,0.0,0.0,0.052786337940586764,0.034232589100647574,0.6877118029005379,0.0310428725422372,0.0011378945325224215,0.039766398649773056,0.0,0.0,0.08353203093052577,0.03459983492482559,0.0,0.02583515156241964
65,1.5040512e+18,0.02048589128571264,0.0,1.22604019375,3.0021884225196223,0.0,0.0,0.059564552288765935,0.0,0.002199980441840996,2.4919714404117457,0.01947775261743051,3.0,0.02351786770176737,3.0224311548714446,0.0,2.8612570873282532,3.0,0.5521341372392106,0.0,0.0,1.890480874178062,0.031934111975243755,0.05327655798625152,0.0,0.03990833498120301,0.009963035414059414,0.0,0.03260380422767358,0.005330475886229922,0.06703782163781612,0.05284806824966823,0.0031758269294987476,0.0,2.8714951925,0.0,0.0,0.0,3.0210047629921752,0.008739938820016408,0.0,0.03227420515981527,0.0,0.017269104809683047,0.017387415,0.0,0.05074203080948893,0.05293849002458513,0.0,0.06745783321270424,0.06032212379093837,0.0,0.0,0.027660485573578114,0.009787269611856733,0.0
66,1.5041376e+18,0.0,0.023628757154336346,2.754845080847027,3.0540540175749533,0.03566807056782486,0.0,0.028282345421448387,0.056728109543716355,0.0,0.0797625,0.012204290800291307,1.5596132795142288,0.0250375,3.0,0.0,1.86374166625,3.0,0.030450154409059734,0.0,0.0,1.78559375,0.008604447928045024,0.0,0.0,0.045837095239677786,0.2442352916647295,0.0348570331016525,0.0,0.0,0.07456470720012574,0.0,0.04650360980188656,0.03682452275005396,2.76543645875,0.0,0.03236808536445548,0.0,3.046424747811759,0.020657360375995963,0.0023434580249875455,0.0,0.0,0.004471503960876367,0.04524884279098435,0.008270183597022215,0.020650008019638094,0.0,0.03527238316451765,0.022650544866357213,0.042298660623451514,0.0,0.010916749471223751,0.0,0.0,0.0006817767335352637
67,1.504224e+18,0.0,0.0,0.7922145325,1.73195,0.0,0.41581041625,0.0,0.0,0.024093028147140736,0.7511442017091277,0.01024347875,1.7274625,0.05999996135991317,0.8482685870056745,0.002159268225597665,0.006280841243111033,0.66351666625,0.05348708009544217,0.00915408715363032,0.02738340174654212,0.5644799172421529,0.03348378619348713,0.012863053255987878,0.05412366023512802,0.0,0.2574591076156111,0.0,0.0,0.0,0.048267796803628686,0.007759375,0.0038802575033439176,0.0,0.8472734375,0.1226640625,0.0,0.0,0.6746577903990278,0.08040750533410332,0.010712267284405282,0.009179644078334845,0.0,0.010955365898164225,0.0,0.09048240018365326,0.03312665816724147,0.0,3.75e-05,0.0,0.024807351511058118,0.0,0.06381672730360181,0.02173065519074262,0.0,0.0
68,1.5043104e+18,0.013662364208547552,0.0,0.59258541625,0.0,0.0,0.047237300807472404,0.04396586496079439,0.0,0.11304534084052997,0.14555684561855484,0.02696328125,0.02061468754304338,0.0,0.05935833375,0.040003757957618076,0.0,0.018690808042050228,0.0,0.04527847889211066,0.04986400097692362,0.11926893621563361,0.013931735960438226,0.009418672805983803,0.0,0.0,0.19680677125,2.1827358679193778e-05,0.04676868582899265,0.0,0.0,0.019588704654573182,0.0,0.0,0.681452885,0.0876125,0.018247618781143206,0.0,0.000729545,0.0,0.0,0.020650617859036848,0.0202125,0.0,0.0346875,0.0,0.0,0.0,0.01897083375,0.0,0.0,0.0,0.0,0.0,0.08345961669895921,0.06381393538366566
69,1.5043968e+18,0.0,0.0,2.979779745396535,0.026571616267909243,0.0,0.008227899967301494,0.0,0.0,0.40700833375,0.70406607125,0.08949303317525648,0.0,0.0,0.013253592733270257,0.0,0.0,0.88305,0.04265419349671729,0.0,0.10375124789716483,0.2596414475,0.0,0.10283532219644989,0.02634439440954426,0.0729756564842879,0.6404774999999999,0.002088076342082449,0.02491121047601696,0.0,0.020048940198024796,0.01751069855354907,0.0,0.027199704169800557,2.7137973821076864,0.15419879136156808,0.005080496678575856,0.0,0.012509840411887246,0.005499687698747654,0.06977763289651795,0.07318555292813708,0.09022693816015002,0.0,0.01164424875,0.045739273149676275,0.0,0.07072232020932835,0.0,0.010512363034107299,0.0,0.0,0.014610061731763296,0.0,0.0,0.01422218755047628
70,1.5044832e+18,0.015882713243668786,0.02934704397470612,1.9568816359061592,0.8968198011317123,0.0,0.06307054940934184,0.06750762705269846,0.02966499519324504,0.16590185740723545,3.021465370410892,0.261075,0.0633922703506803,0.02635,0.8147844145407418,0.005850628710637847,0.0,3.0,0.07118717514956636,0.0012686750903672013,0.019238765895711097,0.1350347722065124,0.057553644763703476,0.03622632472946091,0.0,0.05092219588083079,0.4769659254276155,0.014165442423701498,0.0,0.24946950902758647,0.0635336085413162,0.00980905125,0.05174502756535853,0.0,2.2775672122682105,0.0,0.02339453162981622,0.06273424843144437,0.006233654378156626,0.0,0.0681920784598138,0.007901150874025382,0.0,0.014362831806064813,0.01357168875,0.0,0.07358595333390723,0.08935177902335154,0.024470125723023838,0.05167593008725205,0.0,0.09778622131029677,0.053392202421999053,0.0,0.0,0.04305716778083507
71,1.5045696e+18,0.0,0.02311699974389969,2.020795545312483,1.49996875,0.0062748786763710245,1.355704025034583,0.0,0.048077708426844695,0.52085,2.51375,0.043571875,0.370575,0.0,2.99998125,0.03927312684444939,0.0,3.0180802198914054,0.015684375,0.021936594926991293,0.02357441083209198,0.11547820498910724,0.0,0.0,0.0,0.0444473548002092,0.0,0.0,0.03110893333708904,0.0,0.0021257916313332753,0.0748125,0.011499384885327446,0.0,2.437954545,0.06290031866030377,0.0,0.01216145875,0.0,0.03509286518212556,0.0,0.029442363090323397,0.0,0.0,0.09870064529397722,0.004624202696942294,0.021272839371539235,0.014235737094171627,0.025002821056766673,0.0633411943235008,0.0,0.0,0.0,0.02292210506095749,0.0,0.016556870110779217
72,1.504656e+18,0.0,0.04673526531002811,2.30045833375,3.0,0.008004179677101922,3.0,0.05545428877789057,0.04402956005423743,1.0000125,0.34027829,0.010780710455399124,0.6224350664516604,0.0014092140172784196,3.0318106837005994,0.0634135367745183,0.0,3.0150620928050187,0.02406836288263768,0.0,0.0,0.22328110125,0.0,0.0,0.0,0.014775492441195423,0.20756301721738216,0.022471279795655937,0.0,0.0,0.019064194499369427,0.04960998016346291,0.0,0.005275151585354311,2.1537652119038473,0.0,0.0,0.0,0.0,0.0,0.001853435836886411,0.00931592698467029,0.0,0.0,0.01324048474965249,0.0,0.024962615523748944,0.0,0.04248761233779774,0.011931253471461735,0.0071065328354972855,0.0,0.08376295129068369,0.0067541453949840746,0.0006286803247409383,0.11285026590670622
73,1.5047424e+18,0.0,0.03597885059891495,2.0401992076864643,3.032418654313349,0.0,1.737724389524583,0.0,0.0,1.9787125,1.15268125,0.0,0.43762236875,0.002841199371083204,2.12752083375,0.03417187517727381,0.04860476831073511,3.0,0.00705592125,0.0,0.0,0.14471669375,0.06251032898364202,0.004700992749989741,0.0,0.0,0.012221290852311271,0.04150206966568502,0.09354641424665258,0.008500360321771103,0.06253147992858382,0.04214423135032626,0.0,0.0,2.388624582206274,0.0,0.0,0.011830093603212638,0.0,0.04368165658170886,0.0,0.0,0.0,0.040460443183876225,0.0,0.0,0.027846263432492382,0.0,0.0,0.012388956408113036,0.0,0.05975335463859848,0.026247002384060004,0.033530454923822346,0.011335860735426709,0.018671858983250616
74,1.5048288e+18,0.0005161889597365492,0.0,2.122528345,3.070982844219582,0.0,0.0,0.0,0.0,1.010353125,3.0236157399606687,0.0075211503361737675,0.0,0.565751086759161,1.4496799999999999,0.022978803933650833,0.2434125,1.6502576998102332,0.169656799849459,0.005013309423394638,0.07541914530848985,0.06768728375,0.0,0.010471865512882855,0.0,0.03417127150570203,0.13423162625,0.03970464162936393,0.0,0.0,0.0,0.0,0.04529788780899607,0.06162674864991865,2.9935797740633743,0.0,0.030000527679637165,0.057136121645101894,0.026902538951754817,0.035673394364361434,0.0,0.02401041625,0.03702777445518246,0.0,0.025080544203559138,0.0,0.03627589790019131,0.0,0.02379570969958146,0.013084393821435064,0.07213081555023497,0.0,0.0,0.05407230571685567,0.0,0.01705747882558937
75,1.5049152e+18,0.022203552955898626,0.010466185460990016,2.021900018851162,1.5048192283345672,0.0,0.042627061028552495,0.013515639030809695,0.0,0.51942596125,1.5917769474850432,0.027985563027058565,0.0,1.1334431038179102,3.0304707299846942,0.040861855253473384,0.0,0.03601962465097726,0.0,0.0,0.00479285123410076,0.2741747431911953,0.00530445213713649,0.0,0.0,0.04838637052813352,0.21362704875,0.05484169633551722,0.0,0.00930451171795267,0.0,0.0,0.07805558583334185,0.0,2.28235375,0.0,0.02452300246226148,0.044463331038181314,0.018528962249244347,0.0277125,0.09165692319760306,0.0,0.0,0.0,0.01146455875,0.0,0.012408357862019565,0.015137801622374216,0.0,0.07409746258668731,0.0,0.0,0.05421609495916181,0.006074537585366951,0.0,0.0
76,1.5050016e+18,0.0,0.04776251947747609,2.419659155,0.8758415055552052,0.0035455144717653183,0.0,0.0,0.009136830123533491,0.6053903325624609,0.41829626783845586,0.008144548377385645,0.75019375,0.56274375,3.0381995489667752,0.03503265922790216,0.09440859412859928,0.0,0.06796955816602117,0.008997098477979621,0.04528153039483319,0.8786947225,0.04012478311479039,0.0,0.0,0.02752830732556271,0.17521936249999998,0.014895579785438803,0.09559607727871633,0.0055407780564594705,0.04210384284005385,0.07604828276953503,0.0,0.004210387380997374,2.796644459344659,0.0023734030210200026,0.0,0.0,0.06073023102251133,0.001999506873561474,0.0,0.0019306599834425784,0.0,0.0,0.058003405,0.0,0.0,0.0,0.0,0.0,0.0,0.019643712434112816,0.0,0.0,0.0069074935669714175,0.0
77,1.505088e+18,0.05530314660010533,0.0009941168185854219,1.98475,0.016128147791307758,0.0034523378377087155,0.05445507019261119,0.036957989220098575,0.029406848682128024,0.5475902342414769,0.7366783636374151,0.015722659544160578,0.1209375,0.39715,3.010347083573985,0.02604726838682184,0.06462771643149313,0.0,0.0,0.0,0.05084114993213294,0.5623360619919018,0.0,0.0,0.008163267346112916,0.0009290342500178271,0.4826208358904054,0.04760793215061824,0.0,0.0,0.019287026395196253,0.030516703098963358,0.19540973241052692,0.0,1.969792813325969,0.0,0.1356875,0.005694943203129,0.041679131239678105,0.0,0.0,0.00135,0.0,0.0,0.03240036231257533,0.0,0.0,0.009420431368830478,0.09065785468908519,0.016949641060128657,0.0,0.023223189614200116,0.0,0.0,0.06712005591476121,0.0
78,1.5051744e+18,0.0,0.000498875504846917,2.605250835314785,0.0,0.0,0.0,0.0,0.021553968079661225,0.7303064799993629,0.8390958414095506,0.015616554002284183,0.05318894673868707,1.050725,1.37050833375,0.3510198509105074,0.038636781962922154,0.011707467801033558,0.05584432463743285,0.03048390853584661,0.04644776353390406,0.47455362625,0.0440182599187192,0.06388905704364409,0.0,0.0,0.114844355,0.0,0.0,0.24409445812307287,0.0075085229305765664,0.0,0.29735069485229715,0.04409981621249548,2.9999946425,0.0,0.538779361544812,0.00491875,0.0,0.0,0.026468983699869157,0.008005817528731266,0.008335788201399357,0.0,0.0,0.027851587761218686,0.06650245994321594,0.0,0.0,0.0,0.0,0.0416502957426481,0.037980650006668004,0.0,0.0,0.0
79,1.5052608e+18,0.0,0.003469291781068582,2.5029458441807115,0.09811291180129234,0.01197014452764139,0.10331041128419989,0.0,0.0006304180603948986,0.80875,2.2792086210968763,0.009890905153422806,0.0,3.0,2.8670409315402745,0.1583,0.0,0.021979876965727264,0.0,0.0,0.0,0.31327627375,0.0,0.02393877874050165,0.0,0.0,0.320634375,0.0,0.0,0.018017500000000002,0.11596022547449625,0.0,0.0,0.05897253340774818,2.61167142875,0.009500149882931021,0.0028829847741491323,0.0,0.0,0.0,0.0,0.0424707318383696,0.0,0.03272405724355488,0.014603062678470313,0.01518749107102972,0.028241845945432477,0.0,0.013123890805035067,0.0,0.0,0.012848414587657838,0.04295926795336588,0.0,0.02185195124877062,0.0
80,1.5053472e+18,0.0,0.0067125151180115255,2.3166818779664378,0.004734731815828582,0.006072424267239826,0.04302204311417006,0.0607702200999016,0.0,0.07463469166267352,1.902454778862309,0.0,0.0,1.9498625,3.0,0.014347096069820695,0.0,0.0,0.0,0.0004292442752475138,0.02811788556401086,0.47962664875,0.04144850204365201,0.05685438192362607,0.028545458559934,0.03890132041890892,0.45497708375,0.0,0.08088601291084879,0.0,0.0,0.0,0.015399288090513726,0.0,3.0,0.019185380114242697,0.0,0.017816998448975482,0.0,0.02666409331671694,0.07494982679047249,0.05930698394628587,0.0711820820587948,0.0,0.06456735301649028,0.0,0.0,0.0,0.0,0.016864563203687663,0.06605106947262426,0.0,0.025875598298258057,0.02507247825483645,0.0,0.0
81,1.5054336e+18,0.0143605949207606,0.0409553311669365,1.0860089874999999,0.0,0.0,0.02704068261285579,0.05957196151162554,0.0035232141383475203,0.227159870098919,1.42451875,0.0,0.15507687280335,0.0924125,3.049631997007653,0.15764602269793604,0.0,0.035224554586643635,0.00395142300418265,0.0,0.0,2.46936111125,0.0523843379524339,0.017953156354503844,0.0,0.04287706280211872,0.39161724125,0.0,0.0029725000000000003,0.0,0.0,0.0,0.031028758261195666,0.0,3.0415031343787953,0.0,0.0,0.01781492097746034,0.02018440945433151,0.04096981001215628,0.007542306518928435,0.0,0.011788417322811464,0.006163389342032049,0.005835831207051159,3.5e-05,0.0,0.0,0.0,0.0,0.021617978281148944,0.039475779750916595,0.0,0.020394604116746047,0.0,0.005035088319869511
82,1.50552e+18,0.051668135266210884,0.0045195011263340105,2.6498338474935705,0.0,0.03891046583112218,0.0,0.024887549571752647,0.017783267751350664,1.10832083375,2.680678348350553,0.0,0.16856607125,0.08568679711340225,0.26829044125,0.185,0.0,0.06767107051703324,0.0,0.039214265428617154,0.0,0.596811805,0.0,0.016206976403946718,0.0,0.0031830791117830543,1.0330016445526946,1.4411125,0.0,0.008654759027144686,0.06645069492187093,0.0,0.017844993632789876,0.0,3.0,0.029818833236581233,0.0,0.0,0.0,0.03652524340237611,0.0,0.015692239421331588,0.0026994761682179553,0.0,0.0,0.0,0.0,0.005901116641449591,0.0,0.021053952141984286,0.0,0.0,0.006539189051098748,0.0024465042024721835,0.010719149887576718,0.0
83,1.5056064e+18,0.0229180188594374,0.011364335272273166,2.15445689125,0.0,0.05310726107705697,0.01440479467726474,0.0,0.03256183367522948,1.352985,0.5360125,0.004135092728645021,1.580915484118546,0.025781248728386705,0.04819634125,1.0648670488426821,0.0,0.0,0.021086775900296697,0.0,0.0,2.8027759999999997,0.0,1.12135,0.04733705457013612,0.0,0.50723072875,3.011743269936446,0.0070669275,0.0006042206495549978,0.0,0.005260845561327256,0.04317729081224498,0.0,3.0799556974014815,0.009984640418377396,0.02814736238959037,0.0,0.04621436341662895,0.0469411210651458,0.03203862141889055,0.043250196866568794,0.11449770883936058,0.017515423423343602,0.28953047836982854,0.1460375,0.0,0.0,0.006299015052793111,0.015536508920444145,0.04930535864397714,0.0,0.042316030263231615,0.0,0.0,0.0
84,1.5056928e+18,0.0,0.0,2.29431850561742,0.0,0.0,0.0,0.0,0.0,0.6725786507940008,0.2769562004031484,0.0406373562171525,0.2533454000834939,0.7801235744504494,0.17082678625,0.3650430465436619,0.0,0.041910201038642916,0.0,0.03898644604005743,0.007033786963069236,1.0763858067649332,1.76285,3.0,0.006940609516949998,0.07063781842986236,0.45459717,0.9308,0.2707208016470116,0.019549484035836253,0.08316875,0.07776016142471588,0.0,0.0,3.0,0.0001997985608129453,0.0010755448851917338,0.0,0.04731161673131991,0.05336855258258199,0.0,0.025157753569889547,0.031038865845129392,0.039498139395923185,0.1011603211631964,0.0,0.0,0.0,0.0027856817995513044,0.07675740595608815,0.011395003165110551,0.018689524532029437,0.0,0.01899054806189186,0.0,0.006390740437352161
85,1.5057792e+18,0.0,0.061636543351036154,2.411347859289639,0.0,0.0,0.0,0.01639740651297328,0.0,2.188247942395476,0.63376524375,0.025821813985888203,0.78384318125,0.82803333375,0.5436553490863562,0.0,0.0,0.0,0.005476535693182412,0.06510829363590928,0.019936055604874277,0.10233099725631464,1.1898061504667736,1.893700602797097,0.002939532606942655,0.017528986229453532,0.22838850297088292,5.8750000000000005e-05,0.31771064246328484,0.0,0.075275,0.156765625,0.03715482671223133,0.0,3.0133469373989574,0.0465324587319827,0.02721572086388673,0.3014461965400148,0.0,0.05440719114872307,0.0,0.0,0.0,0.030730061381272118,0.03218095925176528,0.01013548375,0.0,0.025158411182230583,0.07091645200551513,0.05530763729387531,0.03366320090123351,0.0,0.0,0.00195,0.0,0.0
86,1.5058656e+18,0.006199950028350656,0.07254356605186683,2.52855269813347,0.0,0.0527205626336374,0.0,0.0,0.0,3.03532063590932,1.08556369,0.0,2.7596853460777906,1.576155690041608,1.2554125,0.046934877921954186,0.0,0.01666989625246938,0.07333123397532199,0.0,0.0,0.26500959875,0.0,0.0,0.08818613486763206,0.009622043377527523,0.262614901577249,0.0,2.99998125,0.00811398234727401,0.026871245750163673,0.05078930606025359,0.003852493956687394,0.01395431637091939,3.0396168686424545,0.0400997005164228,0.005690137005677038,0.84465,0.04845112490627115,0.05409041513527242,0.0,0.0,0.0019317695150723611,0.0,0.03317923317728478,0.0,0.016168952934927382,0.0,0.03281528407143599,0.0,0.0253871732786476,0.0,0.02434625035881513,0.0,0.0,0.0
87,1.505952e+18,0.0,0.0,2.54546594875,0.0010456712185605407,0.0,0.0,0.022035016130797756,0.0025266622812755513,2.3974532417816126,0.9224575,0.0,0.8378125,1.466953125,0.004450341583281738,0.0,0.07776999883254758,0.01944198289090009,0.0,0.001034742356775577,0.0,0.23578893625,0.0,0.020942214425767262,0.0,0.031866690534901515,0.18116393564818944,0.05832016965206552,3.0714674136448235,0.0,0.05297612763591329,0.0,0.03210234195903331,0.008851750929159616,3.0027288091678357,0.06590730032159359,0.014586149468814312,0.06320619595395291,0.02485190223894825,0.0,0.0,0.0,0.0,0.026706016366467016,0.0,0.0,0.0,0.0,0.053368427375519646,0.0,0.017112645355858797,0.007885732495493972,0.0,0.02255028789846406,0.02841103746090003,0.03179705806393154
88,1.5060384e+18,0.015171497023306162,0.0,2.325395074498547,0.021574358085789034,0.0,0.05817202644830372,0.07510219229165922,1.0725234427034203,1.2325375,0.0,0.0,0.79687333375,0.8398313577886305,0.0,0.0,0.14357199605876678,0.01949001558977939,0.046413251804162545,0.0,0.010863877813462135,0.989619877579613,0.0,0.703413170806341,0.0,0.0,0.38766704761199333,0.07269564871074034,0.3617371808183337,0.01771590610781316,0.38823796566389457,0.0018791818543304874,0.0,0.045669088575875566,1.227355,0.01679266542126793,0.018522767162470387,0.007223293068620301,0.08604694672166988,0.0,0.0,0.06452265630497263,0.0,0.0,0.031982798633330735,0.056481709185393456,0.02921309706428605,0.0,0.02226050129247582,0.04092377196133765,0.012697379123173534,0.07262433845673652,0.0003626528034713814,0.0,0.038197885670663595,0.0
89,1.5061248e+18,0.0,0.024835929242230263,0.89237767875,0.008174222164435167,0.0,0.0,0.03837814861245672,1.275235326952469,0.0,0.03703726471495833,0.029261751337462436,1.414571026978388,2.219375,0.004543128788845414,0.0002985691122024169,0.014811440488180432,0.0,0.03461692273659078,0.06566844798386583,0.0,0.97331875,0.0477851627333623,0.04761026208770393,0.04087113497736157,0.03949997277755601,0.05178333375,0.0,0.07645362680162901,0.016216354268918307,0.0,0.03585364822948597,0.03275193096766472,0.09482507233482292,0.05272186000190938,0.00015203505526846346,0.004532889085953762,0.0013130077862950208,0.08613917879994648,0.025395694184490673,0.05240015059711344,0.04283305850445927,0.0,0.027144445506650895,0.14006820260185815,0.0,0.0,0.02215914776346894,0.059363665319663195,0.0,0.04372327992844421,0.0,0.026553263001769207,0.07776975093796598,0.0,0.0
